municipio;ano;precipitacao_sum;temp_orvalho_median
BAGE;2015;1980.4;17.6
BAGE;2016;1175.8;17.375
BAGE;2017;1535.6;17.6
BAGE;2018;1270.2;18.25
BAGE;2019;1715.8;18.35
BAGE;2020;1032.0;12.75
BAGE;2021;1168.0;13.25
BAGE;2022;1336.6;12.8
BAGE;2023;1797.6;14.4
BAGE;2024;1878.0;14.55
BAGE;2025;975.8;13.55
BENTO GONCALVES;2015;1548.0;16.95
BENTO GONCALVES;2016;1771.4;17.2
BENTO GONCALVES;2017;1860.8;17.6
BENTO GONCALVES;2018;1805.6;18.05
BENTO GONCALVES;2019;1256.0;18.15
BENTO GONCALVES;2020;1248.6;12.3
BENTO GONCALVES;2021;1298.4;12.85
BENTO GONCALVES;2022;1634.2;12.65
BENTO GONCALVES;2023;1963.2;14.25
BENTO GONCALVES;2024;2358.2;14.55
BENTO GONCALVES;2025;271.8;14.125
CACAPAVA DO SUL;2015;2192.0;17.3
CACAPAVA DO SUL;2016;1851.8;17.1
CACAPAVA DO SUL;2017;1887.8;17.3
CACAPAVA DO SUL;2018;1751.4;17.6
CACAPAVA DO SUL;2019;1917.0;17.85
CACAPAVA DO SUL;2020;1259.6;13.075
CACAPAVA DO SUL;2021;1123.4;13.4
CACAPAVA DO SUL;2022;1448.8;12.95
CACAPAVA DO SUL;2023;2244.0;14.9
CACAPAVA DO SUL;2024;2325.2;15.25
CACAPAVA DO SUL;2025;1498.5;14.0
CAMAQUA;2015;1998.8;18.35
CAMAQUA;2016;1617.2;18.15
CAMAQUA;2017;1427.0;18.65
CAMAQUA;2018;1739.0;18.9
CAMAQUA;2019;1382.0;18.6
CAMAQUA;2020;1267.2;15.6
CAMAQUA;2021;685.2;15.85
CAMAQUA;2022;1302.4;20.9
CAMAQUA;2023;1787.6;15.25
CAMAQUA;2024;1701.4;17.175
CAMAQUA;2025;1549.1;16.4
CAMBARA DO SUL;2017;1403.2;15.05
CAMBARA DO SUL;2018;1679.0;15.4
CAMBARA DO SUL;2019;1559.2;15.5
CAMBARA DO SUL;2020;1231.8;12.4
CAMBARA DO SUL;2021;1233.8;12.4
CAMBARA DO SUL;2022;1774.8;12.2
CAMBARA DO SUL;2023;2285.0;13.65
CAMBARA DO SUL;2024;2193.6;13.9
CAMBARA DO SUL;2025;1350.4;12.45
CAMPO BOM;2015;2460.4;20.15
CAMPO BOM;2016;1426.2;19.525
CAMPO BOM;2017;1874.4;20.35
CAMPO BOM;2018;1626.0;20.25
CAMPO BOM;2019;1742.0;20.2
CAMPO BOM;2020;1448.4;16.675
CAMPO BOM;2021;1439.0;
CAMPO BOM;2022;1757.6;13.4
CAMPO BOM;2023;2270.6;15.8
CAMPO BOM;2024;2128.2;16.6
CAMPO BOM;2025;1036.7;17.425
CANELA;2015;2388.8;16.25
CANELA;2016;2115.8;15.675
CANELA;2017;2001.4;15.75
CANELA;2018;2206.2;16.2
CANELA;2019;1910.2;16.15
CANELA;2020;1918.4;12.525
CANELA;2021;1516.0;12.4
CANELA;2022;1251.4;12.375
CANELA;2023;2818.8;13.7
CANELA;2024;3310.2;14.1
CANELA;2025;1151.7;14.8
CRUZ ALTA;2015;2464.4;18.7
CRUZ ALTA;2016;1634.2;18.2
CRUZ ALTA;2017;2050.4;18.65
CRUZ ALTA;2018;1775.4;18.85
CRUZ ALTA;2019;1342.2;18.6
CRUZ ALTA;2020;1395.2;12.825
CRUZ ALTA;2021;1425.6;13.275
CRUZ ALTA;2022;1436.6;13.05
CRUZ ALTA;2023;2220.6;14.975
CRUZ ALTA;2024;1888.0;15.7
CRUZ ALTA;2025;1204.6;13.975
ERECHIM;2015;1818.2;18.4
ERECHIM;2016;906.2;17.325
ERECHIM;2017;1717.2;17.6
ERECHIM;2018;1319.8;17.3
ERECHIM;2019;1770.4;18.1
ERECHIM;2020;1347.6;12.875
ERECHIM;2021;952.6;13.0
ERECHIM;2022;750.0;12.8
ERECHIM;2023;1633.8;14.95
ERECHIM;2024;2246.2;14.975
ERECHIM;2025;1662.1;13.4
FREDERICO WESTPHALEN;2015;2336.2;19.9
FREDERICO WESTPHALEN;2016;1953.2;19.325
FREDERICO WESTPHALEN;2017;2599.6;19.4
FREDERICO WESTPHALEN;2018;1581.2;19.15
FREDERICO WESTPHALEN;2019;1719.8;19.85
FREDERICO WESTPHALEN;2020;1264.0;13.8
FREDERICO WESTPHALEN;2021;1275.6;14.475
FREDERICO WESTPHALEN;2022;1716.8;13.8
FREDERICO WESTPHALEN;2023;2752.4;16.55
FREDERICO WESTPHALEN;2024;1924.8;16.625
FREDERICO WESTPHALEN;2025;1773.7;15.15
LAGOA VERMELHA;2015;975.8;15.9
LAGOA VERMELHA;2016;1875.2;16.4
LAGOA VERMELHA;2017;1898.8;16.85
LAGOA VERMELHA;2018;1819.6;17.4
LAGOA VERMELHA;2019;1600.6;17.45
LAGOA VERMELHA;2020;1544.0;12.625
LAGOA VERMELHA;2021;1086.6;12.35
LAGOA VERMELHA;2022;1457.2;12.4
LAGOA VERMELHA;2023;1923.0;13.65
LAGOA VERMELHA;2024;1864.2;14.35
LAGOA VERMELHA;2025;1526.4;12.775
PALMEIRA DAS MISSOES;2015;573.2;19.25
PALMEIRA DAS MISSOES;2016;1539.4;18.475
PALMEIRA DAS MISSOES;2017;2270.6;18.85
PALMEIRA DAS MISSOES;2018;1155.0;17.05
PALMEIRA DAS MISSOES;2019;1598.6;19.1
PALMEIRA DAS MISSOES;2020;757.4;12.975
PALMEIRA DAS MISSOES;2021;410.4;13.5
PALMEIRA DAS MISSOES;2022;1077.2;14.425
PALMEIRA DAS MISSOES;2023;2517.4;15.35
PALMEIRA DAS MISSOES;2024;2236.0;14.2
PALMEIRA DAS MISSOES;2025;1286.2;11.1
PASSO FUNDO;2015;2370.0;18.15
PASSO FUNDO;2016;1994.8;17.425
PASSO FUNDO;2017;1863.8;17.85
PASSO FUNDO;2018;1861.6;18.25
PASSO FUNDO;2019;1437.8;18.2
PASSO FUNDO;2020;1149.2;13.35
PASSO FUNDO;2021;1335.2;12.85
PASSO FUNDO;2022;1963.6;13.0
PASSO FUNDO;2023;2710.8;14.65
PASSO FUNDO;2024;2397.6;15.25
PASSO FUNDO;2025;1001.6;13.4
PORTO ALEGRE;2015;1853.2;20.0
PORTO ALEGRE;2016;1561.4;19.5
PORTO ALEGRE;2017;1756.6;20.15
PORTO ALEGRE;2018;1446.6;20.45
PORTO ALEGRE;2019;1542.8;20.4
PORTO ALEGRE;2020;1425.2;15.3
PORTO ALEGRE;2021;1221.0;15.05
PORTO ALEGRE;2022;1352.2;15.3
PORTO ALEGRE;2023;3715.8;16.3
PORTO ALEGRE;2024;4087.6;16.9
PORTO ALEGRE;2025;1614.5;16.1
RIO GRANDE;2015;1397.0;17.2
RIO GRANDE;2016;1100.0;17.325
RIO GRANDE;2017;962.6;18.75
RIO GRANDE;2018;890.2;19.4
RIO GRANDE;2019;1086.8;19.25
RIO GRANDE;2020;1028.2;13.725
RIO GRANDE;2021;1119.4;13.775
RIO GRANDE;2022;961.0;13.4
RIO GRANDE;2023;1461.6;15.2
RIO GRANDE;2024;1871.6;15.65
RIO GRANDE;2025;1205.1;16.0
RIO PARDO;2015;2015.8;19.3
RIO PARDO;2016;1507.2;16.975
RIO PARDO;2017;1037.8;16.9
RIO PARDO;2018;1132.0;19.8
RIO PARDO;2019;1323.2;19.9
RIO PARDO;2020;862.6;14.2
RIO PARDO;2021;1291.0;14.2
RIO PARDO;2022;1215.6;14.1
RIO PARDO;2023;1837.0;15.3
RIO PARDO;2024;2121.8;16.15
RIO PARDO;2025;1716.7;15.85
SANTA MARIA;2015;2347.8;19.35
SANTA MARIA;2016;1722.8;18.575
SANTA MARIA;2017;2114.6;19.55
SANTA MARIA;2018;1690.4;19.95
SANTA MARIA;2019;1853.6;19.7
SANTA MARIA;2020;1069.4;14.2
SANTA MARIA;2021;1308.4;14.6
SANTA MARIA;2022;1401.2;14.8
SANTA MARIA;2023;1927.8;16.6
SANTA MARIA;2024;2204.2;17.05
SANTA MARIA;2025;1788.0;14.95
SANTA ROSA;2015;1127.8;0.0
SANTA ROSA;2016;1540.2;19.35
SANTA ROSA;2017;2733.4;20.2
SANTA ROSA;2018;1429.4;20.5
SANTA ROSA;2019;950.4;20.55
SANTA ROSA;2020;1442.6;13.6
SANTA ROSA;2021;695.6;14.1
SANTA ROSA;2022;786.0;13.65
SANTA ROSA;2023;2051.4;16.05
SANTA ROSA;2024;1430.4;15.35
SANTA ROSA;2025;113.2;18.8
SANTIAGO;2015;2408.0;18.65
SANTIAGO;2016;1745.8;18.4
SANTIAGO;2017;2428.4;19.05
SANTIAGO;2018;1966.0;19.15
SANTIAGO;2019;2158.8;19.15
SANTIAGO;2020;1207.8;12.6
SANTIAGO;2021;1361.4;13.2
SANTIAGO;2022;932.0;12.6
SANTIAGO;2023;1990.4;14.95
SANTIAGO;2024;2217.4;15.7
SANTIAGO;2025;796.8;13.45
SANTO AUGUSTO;2015;2031.0;19.1
SANTO AUGUSTO;2016;790.2;10.55
SANTO AUGUSTO;2017;1897.2;19.25
SANTO AUGUSTO;2018;1439.2;19.8
SANTO AUGUSTO;2019;1309.6;19.8
SANTO AUGUSTO;2020;1678.4;14.9
SANTO AUGUSTO;2021;1692.0;15.125
SANTO AUGUSTO;2022;1683.8;14.6
SANTO AUGUSTO;2023;2582.4;17.0
SANTO AUGUSTO;2024;2320.0;17.9
SANTO AUGUSTO;2025;1747.4;16.0
SAO BORJA;2015;875.6;20.75
SAO BORJA;2016;761.2;15.65
SAO BORJA;2017;1898.4;20.4
SAO BORJA;2018;1365.4;21.4
SAO BORJA;2019;1632.8;20.775
SAO BORJA;2020;717.0;14.3
SAO BORJA;2021;494.4;14.45
SAO BORJA;2022;875.4;13.85
SAO BORJA;2023;1053.4;17.425
SAO BORJA;2024;1459.0;17.3
SAO BORJA;2025;1855.4;14.95
SOLEDADE;2015;2003.2;16.35
SOLEDADE;2016;1698.8;17.275
SOLEDADE;2017;1421.6;15.55
SOLEDADE;2018;2191.2;18.15
SOLEDADE;2019;1607.4;18.0
SOLEDADE;2020;897.6;12.75
SOLEDADE;2021;1247.6;12.7
SOLEDADE;2022;1672.6;12.85
SOLEDADE;2023;2325.8;14.55
SOLEDADE;2024;2256.4;14.775
SOLEDADE;2025;1757.6;13.225
TEUTONIA;2015;2191.0;19.8
TEUTONIA;2016;1547.0;17.225
TEUTONIA;2017;1927.0;20.0
TEUTONIA;2018;1557.8;20.2
TEUTONIA;2019;1601.6;20.3
TEUTONIA;2020;898.8;14.45
TEUTONIA;2021;0.0;14.95
TEUTONIA;2022;1585.6;14.75
TEUTONIA;2023;2323.2;16.15
TEUTONIA;2024;1981.8;17.175
TEUTONIA;2025;706.0;18.55
TORRES;2015;1897.0;19.4
TORRES;2016;1518.2;19.35
TORRES;2017;1114.6;17.1
TORRES;2018;1364.2;20.55
TORRES;2019;1498.6;20.3
TORRES;2020;846.8;15.95
TORRES;2021;1480.4;15.05
TORRES;2022;538.4;15.2
TORRES;2023;2134.8;16.25
TORRES;2025;381.2;17.25
TRAMANDAI;2015;1925.8;19.5
TRAMANDAI;2016;1396.2;19.25
TRAMANDAI;2017;1614.2;20.05
TRAMANDAI;2018;813.0;18.45
TRAMANDAI;2019;1091.6;20.675
TRAMANDAI;2020;1454.6;13.85
TRAMANDAI;2021;128.0;14.9
TRAMANDAI;2022;813.6;15.55
TRAMANDAI;2023;1162.4;15.6
TRAMANDAI;2024;1179.0;16.8
TRAMANDAI;2025;957.1;18.25
URUGUAIANA;2015;1864.4;19.85
URUGUAIANA;2016;963.6;18.575
URUGUAIANA;2017;1578.2;19.55
URUGUAIANA;2018;1138.8;20.2
URUGUAIANA;2019;1766.2;19.9
URUGUAIANA;2020;1027.6;13.3
URUGUAIANA;2021;1111.6;13.85
URUGUAIANA;2022;858.4;12.8
URUGUAIANA;2023;1234.0;15.2
URUGUAIANA;2024;1588.0;16.15
URUGUAIANA;2025;669.2;14.1
VACARIA;2015;2324.2;15.75
VACARIA;2016;1422.4;13.25
VACARIA;2017;1714.8;15.3
VACARIA;2018;2015.0;15.8
VACARIA;2019;1721.8;15.8
VACARIA;2020;1526.8;11.85
VACARIA;2021;1471.6;12.1
VACARIA;2022;1898.4;11.75
VACARIA;2023;1769.6;12.7
VACARIA;2024;2175.0;13.7
VACARIA;2025;1633.6;12.05
