municipio;ano;mes;internacoes
BAGE;2015;1;0
BAGE;2015;2;0
BAGE;2015;3;0
BAGE;2015;4;0
BAGE;2015;5;0
BAGE;2015;6;0
BAGE;2015;7;0
BAGE;2015;8;0
BAGE;2015;9;0
BAGE;2015;10;0
BAGE;2015;11;0
BAGE;2015;12;0
BAGE;2016;1;0
BAGE;2016;2;0
BAGE;2016;3;0
BAGE;2016;4;0
BAGE;2016;5;0
BAGE;2016;6;0
BAGE;2016;7;0
BAGE;2016;8;0
BAGE;2016;9;0
BAGE;2016;10;0
BAGE;2016;11;0
BAGE;2016;12;0
BAGE;2017;1;0
BAGE;2017;2;0
BAGE;2017;3;0
BAGE;2017;4;0
BAGE;2017;5;0
BAGE;2017;6;0
BAGE;2017;7;0
BAGE;2017;8;0
BAGE;2017;9;0
BAGE;2017;10;0
BAGE;2017;11;0
BAGE;2017;12;0
BAGE;2018;1;0
BAGE;2018;2;0
BAGE;2018;3;0
BAGE;2018;4;0
BAGE;2018;5;0
BAGE;2018;6;0
BAGE;2018;7;0
BAGE;2018;8;0
BAGE;2018;9;0
BAGE;2018;10;0
BAGE;2018;11;0
BAGE;2018;12;0
BAGE;2019;1;0
BAGE;2019;2;0
BAGE;2019;3;0
BAGE;2019;4;0
BAGE;2019;5;0
BAGE;2019;6;0
BAGE;2019;7;0
BAGE;2019;8;0
BAGE;2019;9;0
BAGE;2019;10;0
BAGE;2019;11;0
BAGE;2019;12;0
BAGE;2020;1;0
BAGE;2020;2;0
BAGE;2020;3;0
BAGE;2020;4;0
BAGE;2020;5;0
BAGE;2020;6;0
BAGE;2020;7;0
BAGE;2020;8;0
BAGE;2020;9;0
BAGE;2020;10;0
BAGE;2020;11;0
BAGE;2020;12;0
BAGE;2021;1;0
BAGE;2021;2;0
BAGE;2021;3;0
BAGE;2021;4;0
BAGE;2021;5;0
BAGE;2021;6;0
BAGE;2021;7;0
BAGE;2021;8;0
BAGE;2021;9;0
BAGE;2021;10;0
BAGE;2021;11;0
BAGE;2021;12;0
BAGE;2022;1;0
BAGE;2022;2;0
BAGE;2022;3;0
BAGE;2022;4;0
BAGE;2022;5;0
BAGE;2022;6;0
BAGE;2022;7;0
BAGE;2022;8;0
BAGE;2022;9;0
BAGE;2022;10;0
BAGE;2022;11;0
BAGE;2022;12;0
BAGE;2023;1;0
BAGE;2023;2;0
BAGE;2023;3;0
BAGE;2023;4;0
BAGE;2023;5;0
BAGE;2023;6;0
BAGE;2023;7;0
BAGE;2023;8;0
BAGE;2023;9;0
BAGE;2023;10;0
BAGE;2023;11;0
BAGE;2023;12;0
BAGE;2024;1;0
BAGE;2024;2;0
BAGE;2024;3;0
BAGE;2024;4;0
BAGE;2024;5;0
BAGE;2024;6;0
BAGE;2024;7;0
BAGE;2024;8;0
BAGE;2024;9;0
BAGE;2024;10;0
BAGE;2024;11;0
BAGE;2024;12;0
BAGE;2025;1;0
BAGE;2025;2;0
BAGE;2025;3;0
BAGE;2025;4;0
BAGE;2025;5;0
BAGE;2025;6;0
BAGE;2025;7;0
BAGE;2025;8;0
BAGE;2025;9;0
BAGE;2025;10;0
BAGE;2025;11;0
BAGE;2025;12;0
BENTO GONCALVES;2015;1;1
BENTO GONCALVES;2015;2;0
BENTO GONCALVES;2015;3;1
BENTO GONCALVES;2015;4;2
BENTO GONCALVES;2015;5;1
BENTO GONCALVES;2015;6;0
BENTO GONCALVES;2015;7;0
BENTO GONCALVES;2015;8;0
BENTO GONCALVES;2015;9;0
BENTO GONCALVES;2015;10;0
BENTO GONCALVES;2015;11;0
BENTO GONCALVES;2015;12;0
BENTO GONCALVES;2016;1;2
BENTO GONCALVES;2016;2;1
BENTO GONCALVES;2016;3;0
BENTO GONCALVES;2016;4;0
BENTO GONCALVES;2016;5;0
BENTO GONCALVES;2016;6;0
BENTO GONCALVES;2016;7;0
BENTO GONCALVES;2016;8;0
BENTO GONCALVES;2016;9;0
BENTO GONCALVES;2016;10;0
BENTO GONCALVES;2016;11;0
BENTO GONCALVES;2016;12;0
BENTO GONCALVES;2017;1;0
BENTO GONCALVES;2017;2;0
BENTO GONCALVES;2017;3;1
BENTO GONCALVES;2017;4;0
BENTO GONCALVES;2017;5;0
BENTO GONCALVES;2017;6;0
BENTO GONCALVES;2017;7;0
BENTO GONCALVES;2017;8;0
BENTO GONCALVES;2017;9;0
BENTO GONCALVES;2017;10;0
BENTO GONCALVES;2017;11;0
BENTO GONCALVES;2017;12;0
BENTO GONCALVES;2018;1;2
BENTO GONCALVES;2018;2;0
BENTO GONCALVES;2018;3;2
BENTO GONCALVES;2018;4;0
BENTO GONCALVES;2018;5;0
BENTO GONCALVES;2018;6;0
BENTO GONCALVES;2018;7;0
BENTO GONCALVES;2018;8;0
BENTO GONCALVES;2018;9;0
BENTO GONCALVES;2018;10;0
BENTO GONCALVES;2018;11;1
BENTO GONCALVES;2018;12;1
BENTO GONCALVES;2019;1;2
BENTO GONCALVES;2019;2;1
BENTO GONCALVES;2019;3;0
BENTO GONCALVES;2019;4;1
BENTO GONCALVES;2019;5;1
BENTO GONCALVES;2019;6;1
BENTO GONCALVES;2019;7;0
BENTO GONCALVES;2019;8;0
BENTO GONCALVES;2019;9;0
BENTO GONCALVES;2019;10;0
BENTO GONCALVES;2019;11;0
BENTO GONCALVES;2019;12;1
BENTO GONCALVES;2020;1;2
BENTO GONCALVES;2020;2;0
BENTO GONCALVES;2020;3;0
BENTO GONCALVES;2020;4;0
BENTO GONCALVES;2020;5;0
BENTO GONCALVES;2020;6;0
BENTO GONCALVES;2020;7;0
BENTO GONCALVES;2020;8;0
BENTO GONCALVES;2020;9;0
BENTO GONCALVES;2020;10;1
BENTO GONCALVES;2020;11;0
BENTO GONCALVES;2020;12;0
BENTO GONCALVES;2021;1;1
BENTO GONCALVES;2021;2;0
BENTO GONCALVES;2021;3;0
BENTO GONCALVES;2021;4;1
BENTO GONCALVES;2021;5;0
BENTO GONCALVES;2021;6;0
BENTO GONCALVES;2021;7;0
BENTO GONCALVES;2021;8;0
BENTO GONCALVES;2021;9;0
BENTO GONCALVES;2021;10;0
BENTO GONCALVES;2021;11;0
BENTO GONCALVES;2021;12;0
BENTO GONCALVES;2022;1;0
BENTO GONCALVES;2022;2;0
BENTO GONCALVES;2022;3;0
BENTO GONCALVES;2022;4;0
BENTO GONCALVES;2022;5;0
BENTO GONCALVES;2022;6;1
BENTO GONCALVES;2022;7;2
BENTO GONCALVES;2022;8;0
BENTO GONCALVES;2022;9;0
BENTO GONCALVES;2022;10;0
BENTO GONCALVES;2022;11;1
BENTO GONCALVES;2022;12;0
BENTO GONCALVES;2023;1;0
BENTO GONCALVES;2023;2;0
BENTO GONCALVES;2023;3;0
BENTO GONCALVES;2023;4;0
BENTO GONCALVES;2023;5;0
BENTO GONCALVES;2023;6;0
BENTO GONCALVES;2023;7;0
BENTO GONCALVES;2023;8;0
BENTO GONCALVES;2023;9;0
BENTO GONCALVES;2023;10;1
BENTO GONCALVES;2023;11;1
BENTO GONCALVES;2023;12;0
BENTO GONCALVES;2024;1;1
BENTO GONCALVES;2024;2;1
BENTO GONCALVES;2024;3;1
BENTO GONCALVES;2024;4;0
BENTO GONCALVES;2024;5;4
BENTO GONCALVES;2024;6;0
BENTO GONCALVES;2024;7;0
BENTO GONCALVES;2024;8;0
BENTO GONCALVES;2024;9;0
BENTO GONCALVES;2024;10;0
BENTO GONCALVES;2024;11;0
BENTO GONCALVES;2024;12;0
BENTO GONCALVES;2025;1;0
BENTO GONCALVES;2025;2;0
BENTO GONCALVES;2025;3;0
BENTO GONCALVES;2025;4;0
BENTO GONCALVES;2025;5;0
BENTO GONCALVES;2025;6;0
BENTO GONCALVES;2025;7;0
BENTO GONCALVES;2025;8;0
BENTO GONCALVES;2025;9;0
BENTO GONCALVES;2025;10;1
BENTO GONCALVES;2025;11;0
BENTO GONCALVES;2025;12;0
CACAPAVA DO SUL;2015;1;0
CACAPAVA DO SUL;2015;2;0
CACAPAVA DO SUL;2015;3;0
CACAPAVA DO SUL;2015;4;0
CACAPAVA DO SUL;2015;5;0
CACAPAVA DO SUL;2015;6;0
CACAPAVA DO SUL;2015;7;0
CACAPAVA DO SUL;2015;8;0
CACAPAVA DO SUL;2015;9;0
CACAPAVA DO SUL;2015;10;0
CACAPAVA DO SUL;2015;11;0
CACAPAVA DO SUL;2015;12;0
CACAPAVA DO SUL;2016;1;0
CACAPAVA DO SUL;2016;2;0
CACAPAVA DO SUL;2016;3;0
CACAPAVA DO SUL;2016;4;0
CACAPAVA DO SUL;2016;5;0
CACAPAVA DO SUL;2016;6;0
CACAPAVA DO SUL;2016;7;0
CACAPAVA DO SUL;2016;8;0
CACAPAVA DO SUL;2016;9;0
CACAPAVA DO SUL;2016;10;0
CACAPAVA DO SUL;2016;11;0
CACAPAVA DO SUL;2016;12;0
CACAPAVA DO SUL;2017;1;0
CACAPAVA DO SUL;2017;2;0
CACAPAVA DO SUL;2017;3;0
CACAPAVA DO SUL;2017;4;0
CACAPAVA DO SUL;2017;5;0
CACAPAVA DO SUL;2017;6;0
CACAPAVA DO SUL;2017;7;0
CACAPAVA DO SUL;2017;8;0
CACAPAVA DO SUL;2017;9;0
CACAPAVA DO SUL;2017;10;0
CACAPAVA DO SUL;2017;11;0
CACAPAVA DO SUL;2017;12;0
CACAPAVA DO SUL;2018;1;0
CACAPAVA DO SUL;2018;2;0
CACAPAVA DO SUL;2018;3;0
CACAPAVA DO SUL;2018;4;0
CACAPAVA DO SUL;2018;5;0
CACAPAVA DO SUL;2018;6;0
CACAPAVA DO SUL;2018;7;0
CACAPAVA DO SUL;2018;8;0
CACAPAVA DO SUL;2018;9;0
CACAPAVA DO SUL;2018;10;0
CACAPAVA DO SUL;2018;11;0
CACAPAVA DO SUL;2018;12;0
CACAPAVA DO SUL;2019;1;0
CACAPAVA DO SUL;2019;2;0
CACAPAVA DO SUL;2019;3;0
CACAPAVA DO SUL;2019;4;0
CACAPAVA DO SUL;2019;5;0
CACAPAVA DO SUL;2019;6;0
CACAPAVA DO SUL;2019;7;0
CACAPAVA DO SUL;2019;8;0
CACAPAVA DO SUL;2019;9;0
CACAPAVA DO SUL;2019;10;0
CACAPAVA DO SUL;2019;11;0
CACAPAVA DO SUL;2019;12;0
CACAPAVA DO SUL;2020;1;0
CACAPAVA DO SUL;2020;2;0
CACAPAVA DO SUL;2020;3;0
CACAPAVA DO SUL;2020;4;0
CACAPAVA DO SUL;2020;5;0
CACAPAVA DO SUL;2020;6;0
CACAPAVA DO SUL;2020;7;0
CACAPAVA DO SUL;2020;8;0
CACAPAVA DO SUL;2020;9;0
CACAPAVA DO SUL;2020;10;0
CACAPAVA DO SUL;2020;11;0
CACAPAVA DO SUL;2020;12;0
CACAPAVA DO SUL;2021;1;0
CACAPAVA DO SUL;2021;2;0
CACAPAVA DO SUL;2021;3;0
CACAPAVA DO SUL;2021;4;0
CACAPAVA DO SUL;2021;5;0
CACAPAVA DO SUL;2021;6;0
CACAPAVA DO SUL;2021;7;0
CACAPAVA DO SUL;2021;8;0
CACAPAVA DO SUL;2021;9;0
CACAPAVA DO SUL;2021;10;0
CACAPAVA DO SUL;2021;11;0
CACAPAVA DO SUL;2021;12;0
CACAPAVA DO SUL;2022;1;0
CACAPAVA DO SUL;2022;2;0
CACAPAVA DO SUL;2022;3;0
CACAPAVA DO SUL;2022;4;0
CACAPAVA DO SUL;2022;5;0
CACAPAVA DO SUL;2022;6;0
CACAPAVA DO SUL;2022;7;0
CACAPAVA DO SUL;2022;8;0
CACAPAVA DO SUL;2022;9;0
CACAPAVA DO SUL;2022;10;0
CACAPAVA DO SUL;2022;11;0
CACAPAVA DO SUL;2022;12;0
CACAPAVA DO SUL;2023;1;0
CACAPAVA DO SUL;2023;2;0
CACAPAVA DO SUL;2023;3;0
CACAPAVA DO SUL;2023;4;0
CACAPAVA DO SUL;2023;5;0
CACAPAVA DO SUL;2023;6;0
CACAPAVA DO SUL;2023;7;0
CACAPAVA DO SUL;2023;8;0
CACAPAVA DO SUL;2023;9;0
CACAPAVA DO SUL;2023;10;0
CACAPAVA DO SUL;2023;11;0
CACAPAVA DO SUL;2023;12;1
CACAPAVA DO SUL;2024;1;3
CACAPAVA DO SUL;2024;2;2
CACAPAVA DO SUL;2024;3;2
CACAPAVA DO SUL;2024;4;1
CACAPAVA DO SUL;2024;5;0
CACAPAVA DO SUL;2024;6;0
CACAPAVA DO SUL;2024;7;1
CACAPAVA DO SUL;2024;8;0
CACAPAVA DO SUL;2024;9;0
CACAPAVA DO SUL;2024;10;0
CACAPAVA DO SUL;2024;11;0
CACAPAVA DO SUL;2024;12;0
CACAPAVA DO SUL;2025;1;0
CACAPAVA DO SUL;2025;2;0
CACAPAVA DO SUL;2025;3;0
CACAPAVA DO SUL;2025;4;0
CACAPAVA DO SUL;2025;5;1
CACAPAVA DO SUL;2025;6;0
CACAPAVA DO SUL;2025;7;0
CACAPAVA DO SUL;2025;8;0
CACAPAVA DO SUL;2025;9;0
CACAPAVA DO SUL;2025;10;0
CACAPAVA DO SUL;2025;11;0
CACAPAVA DO SUL;2025;12;0
CAMAQUA;2015;1;0
CAMAQUA;2015;2;1
CAMAQUA;2015;3;1
CAMAQUA;2015;4;0
CAMAQUA;2015;5;0
CAMAQUA;2015;6;0
CAMAQUA;2015;7;0
CAMAQUA;2015;8;0
CAMAQUA;2015;9;0
CAMAQUA;2015;10;0
CAMAQUA;2015;11;0
CAMAQUA;2015;12;2
CAMAQUA;2016;1;0
CAMAQUA;2016;2;0
CAMAQUA;2016;3;1
CAMAQUA;2016;4;1
CAMAQUA;2016;5;1
CAMAQUA;2016;6;0
CAMAQUA;2016;7;0
CAMAQUA;2016;8;0
CAMAQUA;2016;9;0
CAMAQUA;2016;10;0
CAMAQUA;2016;11;0
CAMAQUA;2016;12;0
CAMAQUA;2017;1;1
CAMAQUA;2017;2;0
CAMAQUA;2017;3;2
CAMAQUA;2017;4;0
CAMAQUA;2017;5;1
CAMAQUA;2017;6;0
CAMAQUA;2017;7;0
CAMAQUA;2017;8;0
CAMAQUA;2017;9;0
CAMAQUA;2017;10;3
CAMAQUA;2017;11;0
CAMAQUA;2017;12;1
CAMAQUA;2018;1;1
CAMAQUA;2018;2;1
CAMAQUA;2018;3;2
CAMAQUA;2018;4;2
CAMAQUA;2018;5;0
CAMAQUA;2018;6;1
CAMAQUA;2018;7;0
CAMAQUA;2018;8;4
CAMAQUA;2018;9;0
CAMAQUA;2018;10;0
CAMAQUA;2018;11;0
CAMAQUA;2018;12;0
CAMAQUA;2019;1;0
CAMAQUA;2019;2;2
CAMAQUA;2019;3;2
CAMAQUA;2019;4;0
CAMAQUA;2019;5;0
CAMAQUA;2019;6;1
CAMAQUA;2019;7;0
CAMAQUA;2019;8;0
CAMAQUA;2019;9;1
CAMAQUA;2019;10;0
CAMAQUA;2019;11;0
CAMAQUA;2019;12;0
CAMAQUA;2020;1;1
CAMAQUA;2020;2;0
CAMAQUA;2020;3;0
CAMAQUA;2020;4;1
CAMAQUA;2020;5;0
CAMAQUA;2020;6;0
CAMAQUA;2020;7;0
CAMAQUA;2020;8;2
CAMAQUA;2020;9;0
CAMAQUA;2020;10;0
CAMAQUA;2020;11;0
CAMAQUA;2020;12;0
CAMAQUA;2021;1;0
CAMAQUA;2021;2;0
CAMAQUA;2021;3;1
CAMAQUA;2021;4;0
CAMAQUA;2021;5;0
CAMAQUA;2021;6;0
CAMAQUA;2021;7;0
CAMAQUA;2021;8;0
CAMAQUA;2021;9;0
CAMAQUA;2021;10;0
CAMAQUA;2021;11;0
CAMAQUA;2021;12;1
CAMAQUA;2022;1;1
CAMAQUA;2022;2;0
CAMAQUA;2022;3;0
CAMAQUA;2022;4;1
CAMAQUA;2022;5;0
CAMAQUA;2022;6;0
CAMAQUA;2022;7;0
CAMAQUA;2022;8;0
CAMAQUA;2022;9;0
CAMAQUA;2022;10;0
CAMAQUA;2022;11;0
CAMAQUA;2022;12;0
CAMAQUA;2023;1;0
CAMAQUA;2023;2;0
CAMAQUA;2023;3;0
CAMAQUA;2023;4;0
CAMAQUA;2023;5;1
CAMAQUA;2023;6;0
CAMAQUA;2023;7;0
CAMAQUA;2023;8;0
CAMAQUA;2023;9;0
CAMAQUA;2023;10;0
CAMAQUA;2023;11;0
CAMAQUA;2023;12;0
CAMAQUA;2024;1;0
CAMAQUA;2024;2;1
CAMAQUA;2024;3;1
CAMAQUA;2024;4;1
CAMAQUA;2024;5;1
CAMAQUA;2024;6;0
CAMAQUA;2024;7;1
CAMAQUA;2024;8;0
CAMAQUA;2024;9;0
CAMAQUA;2024;10;0
CAMAQUA;2024;11;0
CAMAQUA;2024;12;0
CAMAQUA;2025;1;0
CAMAQUA;2025;2;0
CAMAQUA;2025;3;1
CAMAQUA;2025;4;0
CAMAQUA;2025;5;0
CAMAQUA;2025;6;0
CAMAQUA;2025;7;0
CAMAQUA;2025;8;0
CAMAQUA;2025;9;0
CAMAQUA;2025;10;0
CAMAQUA;2025;11;0
CAMAQUA;2025;12;0
CAMBARA DO SUL;2015;1;0
CAMBARA DO SUL;2015;2;0
CAMBARA DO SUL;2015;3;0
CAMBARA DO SUL;2015;4;0
CAMBARA DO SUL;2015;5;0
CAMBARA DO SUL;2015;6;0
CAMBARA DO SUL;2015;7;0
CAMBARA DO SUL;2015;8;0
CAMBARA DO SUL;2015;9;0
CAMBARA DO SUL;2015;10;0
CAMBARA DO SUL;2015;11;0
CAMBARA DO SUL;2015;12;0
CAMBARA DO SUL;2016;1;0
CAMBARA DO SUL;2016;2;0
CAMBARA DO SUL;2016;3;0
CAMBARA DO SUL;2016;4;0
CAMBARA DO SUL;2016;5;0
CAMBARA DO SUL;2016;6;0
CAMBARA DO SUL;2016;7;0
CAMBARA DO SUL;2016;8;0
CAMBARA DO SUL;2016;9;0
CAMBARA DO SUL;2016;10;0
CAMBARA DO SUL;2016;11;0
CAMBARA DO SUL;2016;12;0
CAMBARA DO SUL;2017;1;0
CAMBARA DO SUL;2017;2;0
CAMBARA DO SUL;2017;3;0
CAMBARA DO SUL;2017;4;0
CAMBARA DO SUL;2017;5;0
CAMBARA DO SUL;2017;6;0
CAMBARA DO SUL;2017;7;0
CAMBARA DO SUL;2017;8;0
CAMBARA DO SUL;2017;9;0
CAMBARA DO SUL;2017;10;0
CAMBARA DO SUL;2017;11;0
CAMBARA DO SUL;2017;12;0
CAMBARA DO SUL;2018;1;0
CAMBARA DO SUL;2018;2;0
CAMBARA DO SUL;2018;3;0
CAMBARA DO SUL;2018;4;0
CAMBARA DO SUL;2018;5;0
CAMBARA DO SUL;2018;6;0
CAMBARA DO SUL;2018;7;0
CAMBARA DO SUL;2018;8;0
CAMBARA DO SUL;2018;9;0
CAMBARA DO SUL;2018;10;0
CAMBARA DO SUL;2018;11;0
CAMBARA DO SUL;2018;12;0
CAMBARA DO SUL;2019;1;0
CAMBARA DO SUL;2019;2;0
CAMBARA DO SUL;2019;3;0
CAMBARA DO SUL;2019;4;0
CAMBARA DO SUL;2019;5;0
CAMBARA DO SUL;2019;6;0
CAMBARA DO SUL;2019;7;0
CAMBARA DO SUL;2019;8;0
CAMBARA DO SUL;2019;9;0
CAMBARA DO SUL;2019;10;0
CAMBARA DO SUL;2019;11;0
CAMBARA DO SUL;2019;12;0
CAMBARA DO SUL;2020;1;0
CAMBARA DO SUL;2020;2;0
CAMBARA DO SUL;2020;3;0
CAMBARA DO SUL;2020;4;0
CAMBARA DO SUL;2020;5;0
CAMBARA DO SUL;2020;6;0
CAMBARA DO SUL;2020;7;0
CAMBARA DO SUL;2020;8;0
CAMBARA DO SUL;2020;9;0
CAMBARA DO SUL;2020;10;0
CAMBARA DO SUL;2020;11;0
CAMBARA DO SUL;2020;12;0
CAMBARA DO SUL;2021;1;0
CAMBARA DO SUL;2021;2;0
CAMBARA DO SUL;2021;3;0
CAMBARA DO SUL;2021;4;0
CAMBARA DO SUL;2021;5;0
CAMBARA DO SUL;2021;6;0
CAMBARA DO SUL;2021;7;0
CAMBARA DO SUL;2021;8;1
CAMBARA DO SUL;2021;9;0
CAMBARA DO SUL;2021;10;0
CAMBARA DO SUL;2021;11;0
CAMBARA DO SUL;2021;12;0
CAMBARA DO SUL;2022;1;0
CAMBARA DO SUL;2022;2;0
CAMBARA DO SUL;2022;3;0
CAMBARA DO SUL;2022;4;0
CAMBARA DO SUL;2022;5;0
CAMBARA DO SUL;2022;6;0
CAMBARA DO SUL;2022;7;0
CAMBARA DO SUL;2022;8;0
CAMBARA DO SUL;2022;9;0
CAMBARA DO SUL;2022;10;0
CAMBARA DO SUL;2022;11;0
CAMBARA DO SUL;2022;12;0
CAMBARA DO SUL;2023;1;0
CAMBARA DO SUL;2023;2;0
CAMBARA DO SUL;2023;3;0
CAMBARA DO SUL;2023;4;0
CAMBARA DO SUL;2023;5;0
CAMBARA DO SUL;2023;6;0
CAMBARA DO SUL;2023;7;0
CAMBARA DO SUL;2023;8;0
CAMBARA DO SUL;2023;9;0
CAMBARA DO SUL;2023;10;0
CAMBARA DO SUL;2023;11;0
CAMBARA DO SUL;2023;12;0
CAMBARA DO SUL;2024;1;0
CAMBARA DO SUL;2024;2;0
CAMBARA DO SUL;2024;3;0
CAMBARA DO SUL;2024;4;0
CAMBARA DO SUL;2024;5;0
CAMBARA DO SUL;2024;6;0
CAMBARA DO SUL;2024;7;0
CAMBARA DO SUL;2024;8;0
CAMBARA DO SUL;2024;9;0
CAMBARA DO SUL;2024;10;0
CAMBARA DO SUL;2024;11;0
CAMBARA DO SUL;2024;12;0
CAMBARA DO SUL;2025;1;0
CAMBARA DO SUL;2025;2;0
CAMBARA DO SUL;2025;3;0
CAMBARA DO SUL;2025;4;0
CAMBARA DO SUL;2025;5;0
CAMBARA DO SUL;2025;6;0
CAMBARA DO SUL;2025;7;0
CAMBARA DO SUL;2025;8;0
CAMBARA DO SUL;2025;9;0
CAMBARA DO SUL;2025;10;0
CAMBARA DO SUL;2025;11;0
CAMBARA DO SUL;2025;12;0
CAMPO BOM;2015;1;1
CAMPO BOM;2015;2;3
CAMPO BOM;2015;3;0
CAMPO BOM;2015;4;0
CAMPO BOM;2015;5;1
CAMPO BOM;2015;6;0
CAMPO BOM;2015;7;0
CAMPO BOM;2015;8;0
CAMPO BOM;2015;9;0
CAMPO BOM;2015;10;0
CAMPO BOM;2015;11;0
CAMPO BOM;2015;12;0
CAMPO BOM;2016;1;0
CAMPO BOM;2016;2;0
CAMPO BOM;2016;3;0
CAMPO BOM;2016;4;1
CAMPO BOM;2016;5;0
CAMPO BOM;2016;6;0
CAMPO BOM;2016;7;0
CAMPO BOM;2016;8;0
CAMPO BOM;2016;9;0
CAMPO BOM;2016;10;0
CAMPO BOM;2016;11;0
CAMPO BOM;2016;12;0
CAMPO BOM;2017;1;0
CAMPO BOM;2017;2;0
CAMPO BOM;2017;3;1
CAMPO BOM;2017;4;0
CAMPO BOM;2017;5;0
CAMPO BOM;2017;6;0
CAMPO BOM;2017;7;0
CAMPO BOM;2017;8;0
CAMPO BOM;2017;9;0
CAMPO BOM;2017;10;0
CAMPO BOM;2017;11;0
CAMPO BOM;2017;12;0
CAMPO BOM;2018;1;0
CAMPO BOM;2018;2;0
CAMPO BOM;2018;3;1
CAMPO BOM;2018;4;0
CAMPO BOM;2018;5;0
CAMPO BOM;2018;6;0
CAMPO BOM;2018;7;0
CAMPO BOM;2018;8;0
CAMPO BOM;2018;9;0
CAMPO BOM;2018;10;0
CAMPO BOM;2018;11;0
CAMPO BOM;2018;12;0
CAMPO BOM;2019;1;3
CAMPO BOM;2019;2;0
CAMPO BOM;2019;3;1
CAMPO BOM;2019;4;0
CAMPO BOM;2019;5;1
CAMPO BOM;2019;6;0
CAMPO BOM;2019;7;0
CAMPO BOM;2019;8;0
CAMPO BOM;2019;9;0
CAMPO BOM;2019;10;0
CAMPO BOM;2019;11;0
CAMPO BOM;2019;12;0
CAMPO BOM;2020;1;1
CAMPO BOM;2020;2;1
CAMPO BOM;2020;3;0
CAMPO BOM;2020;4;0
CAMPO BOM;2020;5;0
CAMPO BOM;2020;6;0
CAMPO BOM;2020;7;0
CAMPO BOM;2020;8;0
CAMPO BOM;2020;9;0
CAMPO BOM;2020;10;0
CAMPO BOM;2020;11;0
CAMPO BOM;2020;12;0
CAMPO BOM;2021;1;0
CAMPO BOM;2021;2;0
CAMPO BOM;2021;3;0
CAMPO BOM;2021;4;0
CAMPO BOM;2021;5;0
CAMPO BOM;2021;6;0
CAMPO BOM;2021;7;0
CAMPO BOM;2021;8;0
CAMPO BOM;2021;9;0
CAMPO BOM;2021;10;0
CAMPO BOM;2021;11;0
CAMPO BOM;2021;12;0
CAMPO BOM;2022;1;0
CAMPO BOM;2022;2;0
CAMPO BOM;2022;3;0
CAMPO BOM;2022;4;0
CAMPO BOM;2022;5;0
CAMPO BOM;2022;6;0
CAMPO BOM;2022;7;0
CAMPO BOM;2022;8;1
CAMPO BOM;2022;9;0
CAMPO BOM;2022;10;0
CAMPO BOM;2022;11;0
CAMPO BOM;2022;12;0
CAMPO BOM;2023;1;0
CAMPO BOM;2023;2;0
CAMPO BOM;2023;3;0
CAMPO BOM;2023;4;0
CAMPO BOM;2023;5;0
CAMPO BOM;2023;6;1
CAMPO BOM;2023;7;1
CAMPO BOM;2023;8;0
CAMPO BOM;2023;9;0
CAMPO BOM;2023;10;1
CAMPO BOM;2023;11;0
CAMPO BOM;2023;12;0
CAMPO BOM;2024;1;0
CAMPO BOM;2024;2;0
CAMPO BOM;2024;3;0
CAMPO BOM;2024;4;0
CAMPO BOM;2024;5;4
CAMPO BOM;2024;6;1
CAMPO BOM;2024;7;0
CAMPO BOM;2024;8;0
CAMPO BOM;2024;9;0
CAMPO BOM;2024;10;0
CAMPO BOM;2024;11;0
CAMPO BOM;2024;12;1
CAMPO BOM;2025;1;0
CAMPO BOM;2025;2;0
CAMPO BOM;2025;3;0
CAMPO BOM;2025;4;0
CAMPO BOM;2025;5;0
CAMPO BOM;2025;6;0
CAMPO BOM;2025;7;1
CAMPO BOM;2025;8;0
CAMPO BOM;2025;9;0
CAMPO BOM;2025;10;0
CAMPO BOM;2025;11;0
CAMPO BOM;2025;12;0
CANELA;2015;1;0
CANELA;2015;2;0
CANELA;2015;3;0
CANELA;2015;4;0
CANELA;2015;5;0
CANELA;2015;6;0
CANELA;2015;7;0
CANELA;2015;8;0
CANELA;2015;9;0
CANELA;2015;10;0
CANELA;2015;11;0
CANELA;2015;12;1
CANELA;2016;1;0
CANELA;2016;2;0
CANELA;2016;3;0
CANELA;2016;4;0
CANELA;2016;5;0
CANELA;2016;6;0
CANELA;2016;7;0
CANELA;2016;8;0
CANELA;2016;9;0
CANELA;2016;10;0
CANELA;2016;11;0
CANELA;2016;12;0
CANELA;2017;1;1
CANELA;2017;2;0
CANELA;2017;3;0
CANELA;2017;4;0
CANELA;2017;5;0
CANELA;2017;6;0
CANELA;2017;7;0
CANELA;2017;8;0
CANELA;2017;9;0
CANELA;2017;10;0
CANELA;2017;11;1
CANELA;2017;12;0
CANELA;2018;1;0
CANELA;2018;2;0
CANELA;2018;3;0
CANELA;2018;4;0
CANELA;2018;5;1
CANELA;2018;6;0
CANELA;2018;7;0
CANELA;2018;8;0
CANELA;2018;9;0
CANELA;2018;10;0
CANELA;2018;11;0
CANELA;2018;12;0
CANELA;2019;1;0
CANELA;2019;2;0
CANELA;2019;3;0
CANELA;2019;4;0
CANELA;2019;5;0
CANELA;2019;6;0
CANELA;2019;7;0
CANELA;2019;8;1
CANELA;2019;9;0
CANELA;2019;10;0
CANELA;2019;11;0
CANELA;2019;12;0
CANELA;2020;1;0
CANELA;2020;2;0
CANELA;2020;3;0
CANELA;2020;4;0
CANELA;2020;5;0
CANELA;2020;6;0
CANELA;2020;7;0
CANELA;2020;8;0
CANELA;2020;9;0
CANELA;2020;10;0
CANELA;2020;11;0
CANELA;2020;12;0
CANELA;2021;1;0
CANELA;2021;2;0
CANELA;2021;3;0
CANELA;2021;4;0
CANELA;2021;5;0
CANELA;2021;6;0
CANELA;2021;7;0
CANELA;2021;8;0
CANELA;2021;9;0
CANELA;2021;10;0
CANELA;2021;11;0
CANELA;2021;12;0
CANELA;2022;1;0
CANELA;2022;2;0
CANELA;2022;3;0
CANELA;2022;4;0
CANELA;2022;5;0
CANELA;2022;6;0
CANELA;2022;7;0
CANELA;2022;8;0
CANELA;2022;9;0
CANELA;2022;10;0
CANELA;2022;11;0
CANELA;2022;12;0
CANELA;2023;1;0
CANELA;2023;2;0
CANELA;2023;3;0
CANELA;2023;4;0
CANELA;2023;5;0
CANELA;2023;6;1
CANELA;2023;7;0
CANELA;2023;8;0
CANELA;2023;9;0
CANELA;2023;10;0
CANELA;2023;11;1
CANELA;2023;12;0
CANELA;2024;1;0
CANELA;2024;2;0
CANELA;2024;3;0
CANELA;2024;4;0
CANELA;2024;5;1
CANELA;2024;6;1
CANELA;2024;7;0
CANELA;2024;8;0
CANELA;2024;9;0
CANELA;2024;10;0
CANELA;2024;11;0
CANELA;2024;12;0
CANELA;2025;1;0
CANELA;2025;2;0
CANELA;2025;3;0
CANELA;2025;4;1
CANELA;2025;5;0
CANELA;2025;6;0
CANELA;2025;7;0
CANELA;2025;8;0
CANELA;2025;9;0
CANELA;2025;10;0
CANELA;2025;11;0
CANELA;2025;12;0
CRUZ ALTA;2015;1;0
CRUZ ALTA;2015;2;0
CRUZ ALTA;2015;3;0
CRUZ ALTA;2015;4;0
CRUZ ALTA;2015;5;0
CRUZ ALTA;2015;6;1
CRUZ ALTA;2015;7;0
CRUZ ALTA;2015;8;0
CRUZ ALTA;2015;9;0
CRUZ ALTA;2015;10;0
CRUZ ALTA;2015;11;0
CRUZ ALTA;2015;12;0
CRUZ ALTA;2016;1;1
CRUZ ALTA;2016;2;0
CRUZ ALTA;2016;3;1
CRUZ ALTA;2016;4;1
CRUZ ALTA;2016;5;0
CRUZ ALTA;2016;6;0
CRUZ ALTA;2016;7;0
CRUZ ALTA;2016;8;0
CRUZ ALTA;2016;9;0
CRUZ ALTA;2016;10;0
CRUZ ALTA;2016;11;0
CRUZ ALTA;2016;12;0
CRUZ ALTA;2017;1;0
CRUZ ALTA;2017;2;0
CRUZ ALTA;2017;3;1
CRUZ ALTA;2017;4;0
CRUZ ALTA;2017;5;0
CRUZ ALTA;2017;6;0
CRUZ ALTA;2017;7;0
CRUZ ALTA;2017;8;0
CRUZ ALTA;2017;9;0
CRUZ ALTA;2017;10;0
CRUZ ALTA;2017;11;0
CRUZ ALTA;2017;12;0
CRUZ ALTA;2018;1;0
CRUZ ALTA;2018;2;0
CRUZ ALTA;2018;3;1
CRUZ ALTA;2018;4;0
CRUZ ALTA;2018;5;0
CRUZ ALTA;2018;6;0
CRUZ ALTA;2018;7;0
CRUZ ALTA;2018;8;0
CRUZ ALTA;2018;9;0
CRUZ ALTA;2018;10;0
CRUZ ALTA;2018;11;0
CRUZ ALTA;2018;12;0
CRUZ ALTA;2019;1;0
CRUZ ALTA;2019;2;0
CRUZ ALTA;2019;3;1
CRUZ ALTA;2019;4;0
CRUZ ALTA;2019;5;0
CRUZ ALTA;2019;6;0
CRUZ ALTA;2019;7;2
CRUZ ALTA;2019;8;0
CRUZ ALTA;2019;9;0
CRUZ ALTA;2019;10;0
CRUZ ALTA;2019;11;0
CRUZ ALTA;2019;12;0
CRUZ ALTA;2020;1;0
CRUZ ALTA;2020;2;0
CRUZ ALTA;2020;3;0
CRUZ ALTA;2020;4;0
CRUZ ALTA;2020;5;0
CRUZ ALTA;2020;6;0
CRUZ ALTA;2020;7;0
CRUZ ALTA;2020;8;0
CRUZ ALTA;2020;9;0
CRUZ ALTA;2020;10;0
CRUZ ALTA;2020;11;0
CRUZ ALTA;2020;12;0
CRUZ ALTA;2021;1;0
CRUZ ALTA;2021;2;0
CRUZ ALTA;2021;3;0
CRUZ ALTA;2021;4;0
CRUZ ALTA;2021;5;0
CRUZ ALTA;2021;6;0
CRUZ ALTA;2021;7;0
CRUZ ALTA;2021;8;0
CRUZ ALTA;2021;9;0
CRUZ ALTA;2021;10;0
CRUZ ALTA;2021;11;0
CRUZ ALTA;2021;12;0
CRUZ ALTA;2022;1;0
CRUZ ALTA;2022;2;0
CRUZ ALTA;2022;3;0
CRUZ ALTA;2022;4;0
CRUZ ALTA;2022;5;0
CRUZ ALTA;2022;6;0
CRUZ ALTA;2022;7;0
CRUZ ALTA;2022;8;0
CRUZ ALTA;2022;9;0
CRUZ ALTA;2022;10;0
CRUZ ALTA;2022;11;0
CRUZ ALTA;2022;12;0
CRUZ ALTA;2023;1;0
CRUZ ALTA;2023;2;0
CRUZ ALTA;2023;3;0
CRUZ ALTA;2023;4;0
CRUZ ALTA;2023;5;0
CRUZ ALTA;2023;6;0
CRUZ ALTA;2023;7;0
CRUZ ALTA;2023;8;0
CRUZ ALTA;2023;9;0
CRUZ ALTA;2023;10;0
CRUZ ALTA;2023;11;0
CRUZ ALTA;2023;12;0
CRUZ ALTA;2024;1;0
CRUZ ALTA;2024;2;0
CRUZ ALTA;2024;3;0
CRUZ ALTA;2024;4;0
CRUZ ALTA;2024;5;1
CRUZ ALTA;2024;6;0
CRUZ ALTA;2024;7;0
CRUZ ALTA;2024;8;0
CRUZ ALTA;2024;9;0
CRUZ ALTA;2024;10;0
CRUZ ALTA;2024;11;0
CRUZ ALTA;2024;12;0
CRUZ ALTA;2025;1;1
CRUZ ALTA;2025;2;0
CRUZ ALTA;2025;3;0
CRUZ ALTA;2025;4;0
CRUZ ALTA;2025;5;0
CRUZ ALTA;2025;6;0
CRUZ ALTA;2025;7;0
CRUZ ALTA;2025;8;0
CRUZ ALTA;2025;9;0
CRUZ ALTA;2025;10;0
CRUZ ALTA;2025;11;0
CRUZ ALTA;2025;12;0
ERECHIM;2015;1;0
ERECHIM;2015;2;0
ERECHIM;2015;3;0
ERECHIM;2015;4;1
ERECHIM;2015;5;0
ERECHIM;2015;6;0
ERECHIM;2015;7;0
ERECHIM;2015;8;0
ERECHIM;2015;9;0
ERECHIM;2015;10;0
ERECHIM;2015;11;0
ERECHIM;2015;12;0
ERECHIM;2016;1;2
ERECHIM;2016;2;0
ERECHIM;2016;3;0
ERECHIM;2016;4;0
ERECHIM;2016;5;0
ERECHIM;2016;6;1
ERECHIM;2016;7;0
ERECHIM;2016;8;0
ERECHIM;2016;9;0
ERECHIM;2016;10;0
ERECHIM;2016;11;0
ERECHIM;2016;12;0
ERECHIM;2017;1;0
ERECHIM;2017;2;0
ERECHIM;2017;3;0
ERECHIM;2017;4;1
ERECHIM;2017;5;0
ERECHIM;2017;6;1
ERECHIM;2017;7;0
ERECHIM;2017;8;0
ERECHIM;2017;9;0
ERECHIM;2017;10;0
ERECHIM;2017;11;1
ERECHIM;2017;12;1
ERECHIM;2018;1;0
ERECHIM;2018;2;0
ERECHIM;2018;3;0
ERECHIM;2018;4;1
ERECHIM;2018;5;1
ERECHIM;2018;6;2
ERECHIM;2018;7;1
ERECHIM;2018;8;0
ERECHIM;2018;9;0
ERECHIM;2018;10;0
ERECHIM;2018;11;0
ERECHIM;2018;12;0
ERECHIM;2019;1;2
ERECHIM;2019;2;3
ERECHIM;2019;3;1
ERECHIM;2019;4;2
ERECHIM;2019;5;1
ERECHIM;2019;6;0
ERECHIM;2019;7;0
ERECHIM;2019;8;0
ERECHIM;2019;9;0
ERECHIM;2019;10;0
ERECHIM;2019;11;0
ERECHIM;2019;12;0
ERECHIM;2020;1;1
ERECHIM;2020;2;0
ERECHIM;2020;3;0
ERECHIM;2020;4;0
ERECHIM;2020;5;0
ERECHIM;2020;6;0
ERECHIM;2020;7;0
ERECHIM;2020;8;0
ERECHIM;2020;9;0
ERECHIM;2020;10;0
ERECHIM;2020;11;0
ERECHIM;2020;12;0
ERECHIM;2021;1;0
ERECHIM;2021;2;0
ERECHIM;2021;3;1
ERECHIM;2021;4;1
ERECHIM;2021;5;0
ERECHIM;2021;6;0
ERECHIM;2021;7;0
ERECHIM;2021;8;0
ERECHIM;2021;9;0
ERECHIM;2021;10;1
ERECHIM;2021;11;0
ERECHIM;2021;12;0
ERECHIM;2022;1;0
ERECHIM;2022;2;0
ERECHIM;2022;3;0
ERECHIM;2022;4;0
ERECHIM;2022;5;0
ERECHIM;2022;6;0
ERECHIM;2022;7;0
ERECHIM;2022;8;0
ERECHIM;2022;9;0
ERECHIM;2022;10;1
ERECHIM;2022;11;0
ERECHIM;2022;12;1
ERECHIM;2023;1;0
ERECHIM;2023;2;0
ERECHIM;2023;3;0
ERECHIM;2023;4;0
ERECHIM;2023;5;0
ERECHIM;2023;6;1
ERECHIM;2023;7;0
ERECHIM;2023;8;1
ERECHIM;2023;9;0
ERECHIM;2023;10;1
ERECHIM;2023;11;0
ERECHIM;2023;12;0
ERECHIM;2024;1;0
ERECHIM;2024;2;1
ERECHIM;2024;3;0
ERECHIM;2024;4;0
ERECHIM;2024;5;3
ERECHIM;2024;6;1
ERECHIM;2024;7;1
ERECHIM;2024;8;0
ERECHIM;2024;9;0
ERECHIM;2024;10;0
ERECHIM;2024;11;1
ERECHIM;2024;12;0
ERECHIM;2025;1;0
ERECHIM;2025;2;1
ERECHIM;2025;3;3
ERECHIM;2025;4;0
ERECHIM;2025;5;0
ERECHIM;2025;6;1
ERECHIM;2025;7;1
ERECHIM;2025;8;0
ERECHIM;2025;9;0
ERECHIM;2025;10;0
ERECHIM;2025;11;1
ERECHIM;2025;12;1
FREDERICO WESTPHALEN;2015;1;0
FREDERICO WESTPHALEN;2015;2;0
FREDERICO WESTPHALEN;2015;3;1
FREDERICO WESTPHALEN;2015;4;1
FREDERICO WESTPHALEN;2015;5;0
FREDERICO WESTPHALEN;2015;6;0
FREDERICO WESTPHALEN;2015;7;1
FREDERICO WESTPHALEN;2015;8;0
FREDERICO WESTPHALEN;2015;9;0
FREDERICO WESTPHALEN;2015;10;0
FREDERICO WESTPHALEN;2015;11;0
FREDERICO WESTPHALEN;2015;12;0
FREDERICO WESTPHALEN;2016;1;1
FREDERICO WESTPHALEN;2016;2;0
FREDERICO WESTPHALEN;2016;3;0
FREDERICO WESTPHALEN;2016;4;0
FREDERICO WESTPHALEN;2016;5;0
FREDERICO WESTPHALEN;2016;6;0
FREDERICO WESTPHALEN;2016;7;0
FREDERICO WESTPHALEN;2016;8;0
FREDERICO WESTPHALEN;2016;9;0
FREDERICO WESTPHALEN;2016;10;0
FREDERICO WESTPHALEN;2016;11;1
FREDERICO WESTPHALEN;2016;12;0
FREDERICO WESTPHALEN;2017;1;0
FREDERICO WESTPHALEN;2017;2;0
FREDERICO WESTPHALEN;2017;3;0
FREDERICO WESTPHALEN;2017;4;0
FREDERICO WESTPHALEN;2017;5;0
FREDERICO WESTPHALEN;2017;6;0
FREDERICO WESTPHALEN;2017;7;0
FREDERICO WESTPHALEN;2017;8;0
FREDERICO WESTPHALEN;2017;9;0
FREDERICO WESTPHALEN;2017;10;0
FREDERICO WESTPHALEN;2017;11;1
FREDERICO WESTPHALEN;2017;12;1
FREDERICO WESTPHALEN;2018;1;1
FREDERICO WESTPHALEN;2018;2;0
FREDERICO WESTPHALEN;2018;3;0
FREDERICO WESTPHALEN;2018;4;0
FREDERICO WESTPHALEN;2018;5;0
FREDERICO WESTPHALEN;2018;6;0
FREDERICO WESTPHALEN;2018;7;0
FREDERICO WESTPHALEN;2018;8;0
FREDERICO WESTPHALEN;2018;9;0
FREDERICO WESTPHALEN;2018;10;0
FREDERICO WESTPHALEN;2018;11;0
FREDERICO WESTPHALEN;2018;12;0
FREDERICO WESTPHALEN;2019;1;0
FREDERICO WESTPHALEN;2019;2;2
FREDERICO WESTPHALEN;2019;3;3
FREDERICO WESTPHALEN;2019;4;1
FREDERICO WESTPHALEN;2019;5;0
FREDERICO WESTPHALEN;2019;6;0
FREDERICO WESTPHALEN;2019;7;0
FREDERICO WESTPHALEN;2019;8;0
FREDERICO WESTPHALEN;2019;9;0
FREDERICO WESTPHALEN;2019;10;0
FREDERICO WESTPHALEN;2019;11;0
FREDERICO WESTPHALEN;2019;12;0
FREDERICO WESTPHALEN;2020;1;0
FREDERICO WESTPHALEN;2020;2;0
FREDERICO WESTPHALEN;2020;3;0
FREDERICO WESTPHALEN;2020;4;0
FREDERICO WESTPHALEN;2020;5;0
FREDERICO WESTPHALEN;2020;6;0
FREDERICO WESTPHALEN;2020;7;0
FREDERICO WESTPHALEN;2020;8;0
FREDERICO WESTPHALEN;2020;9;0
FREDERICO WESTPHALEN;2020;10;0
FREDERICO WESTPHALEN;2020;11;0
FREDERICO WESTPHALEN;2020;12;0
FREDERICO WESTPHALEN;2021;1;0
FREDERICO WESTPHALEN;2021;2;0
FREDERICO WESTPHALEN;2021;3;0
FREDERICO WESTPHALEN;2021;4;0
FREDERICO WESTPHALEN;2021;5;0
FREDERICO WESTPHALEN;2021;6;0
FREDERICO WESTPHALEN;2021;7;0
FREDERICO WESTPHALEN;2021;8;0
FREDERICO WESTPHALEN;2021;9;0
FREDERICO WESTPHALEN;2021;10;0
FREDERICO WESTPHALEN;2021;11;0
FREDERICO WESTPHALEN;2021;12;0
FREDERICO WESTPHALEN;2022;1;0
FREDERICO WESTPHALEN;2022;2;0
FREDERICO WESTPHALEN;2022;3;0
FREDERICO WESTPHALEN;2022;4;0
FREDERICO WESTPHALEN;2022;5;0
FREDERICO WESTPHALEN;2022;6;0
FREDERICO WESTPHALEN;2022;7;0
FREDERICO WESTPHALEN;2022;8;0
FREDERICO WESTPHALEN;2022;9;0
FREDERICO WESTPHALEN;2022;10;0
FREDERICO WESTPHALEN;2022;11;0
FREDERICO WESTPHALEN;2022;12;0
FREDERICO WESTPHALEN;2023;1;0
FREDERICO WESTPHALEN;2023;2;1
FREDERICO WESTPHALEN;2023;3;0
FREDERICO WESTPHALEN;2023;4;0
FREDERICO WESTPHALEN;2023;5;0
FREDERICO WESTPHALEN;2023;6;0
FREDERICO WESTPHALEN;2023;7;0
FREDERICO WESTPHALEN;2023;8;1
FREDERICO WESTPHALEN;2023;9;0
FREDERICO WESTPHALEN;2023;10;0
FREDERICO WESTPHALEN;2023;11;0
FREDERICO WESTPHALEN;2023;12;0
FREDERICO WESTPHALEN;2024;1;0
FREDERICO WESTPHALEN;2024;2;0
FREDERICO WESTPHALEN;2024;3;0
FREDERICO WESTPHALEN;2024;4;0
FREDERICO WESTPHALEN;2024;5;0
FREDERICO WESTPHALEN;2024;6;0
FREDERICO WESTPHALEN;2024;7;1
FREDERICO WESTPHALEN;2024;8;0
FREDERICO WESTPHALEN;2024;9;0
FREDERICO WESTPHALEN;2024;10;0
FREDERICO WESTPHALEN;2024;11;0
FREDERICO WESTPHALEN;2024;12;0
FREDERICO WESTPHALEN;2025;1;0
FREDERICO WESTPHALEN;2025;2;0
FREDERICO WESTPHALEN;2025;3;0
FREDERICO WESTPHALEN;2025;4;0
FREDERICO WESTPHALEN;2025;5;0
FREDERICO WESTPHALEN;2025;6;0
FREDERICO WESTPHALEN;2025;7;0
FREDERICO WESTPHALEN;2025;8;0
FREDERICO WESTPHALEN;2025;9;0
FREDERICO WESTPHALEN;2025;10;0
FREDERICO WESTPHALEN;2025;11;0
FREDERICO WESTPHALEN;2025;12;0
LAGOA VERMELHA;2015;1;0
LAGOA VERMELHA;2015;2;0
LAGOA VERMELHA;2015;3;0
LAGOA VERMELHA;2015;4;0
LAGOA VERMELHA;2015;5;0
LAGOA VERMELHA;2015;6;0
LAGOA VERMELHA;2015;7;0
LAGOA VERMELHA;2015;8;0
LAGOA VERMELHA;2015;9;0
LAGOA VERMELHA;2015;10;0
LAGOA VERMELHA;2015;11;0
LAGOA VERMELHA;2015;12;0
LAGOA VERMELHA;2016;1;0
LAGOA VERMELHA;2016;2;1
LAGOA VERMELHA;2016;3;0
LAGOA VERMELHA;2016;4;0
LAGOA VERMELHA;2016;5;0
LAGOA VERMELHA;2016;6;0
LAGOA VERMELHA;2016;7;0
LAGOA VERMELHA;2016;8;0
LAGOA VERMELHA;2016;9;0
LAGOA VERMELHA;2016;10;0
LAGOA VERMELHA;2016;11;0
LAGOA VERMELHA;2016;12;0
LAGOA VERMELHA;2017;1;0
LAGOA VERMELHA;2017;2;0
LAGOA VERMELHA;2017;3;0
LAGOA VERMELHA;2017;4;0
LAGOA VERMELHA;2017;5;0
LAGOA VERMELHA;2017;6;0
LAGOA VERMELHA;2017;7;0
LAGOA VERMELHA;2017;8;0
LAGOA VERMELHA;2017;9;0
LAGOA VERMELHA;2017;10;0
LAGOA VERMELHA;2017;11;0
LAGOA VERMELHA;2017;12;0
LAGOA VERMELHA;2018;1;0
LAGOA VERMELHA;2018;2;0
LAGOA VERMELHA;2018;3;0
LAGOA VERMELHA;2018;4;0
LAGOA VERMELHA;2018;5;0
LAGOA VERMELHA;2018;6;0
LAGOA VERMELHA;2018;7;0
LAGOA VERMELHA;2018;8;0
LAGOA VERMELHA;2018;9;0
LAGOA VERMELHA;2018;10;0
LAGOA VERMELHA;2018;11;0
LAGOA VERMELHA;2018;12;0
LAGOA VERMELHA;2019;1;0
LAGOA VERMELHA;2019;2;0
LAGOA VERMELHA;2019;3;0
LAGOA VERMELHA;2019;4;0
LAGOA VERMELHA;2019;5;0
LAGOA VERMELHA;2019;6;0
LAGOA VERMELHA;2019;7;0
LAGOA VERMELHA;2019;8;0
LAGOA VERMELHA;2019;9;0
LAGOA VERMELHA;2019;10;0
LAGOA VERMELHA;2019;11;0
LAGOA VERMELHA;2019;12;0
LAGOA VERMELHA;2020;1;0
LAGOA VERMELHA;2020;2;0
LAGOA VERMELHA;2020;3;0
LAGOA VERMELHA;2020;4;0
LAGOA VERMELHA;2020;5;0
LAGOA VERMELHA;2020;6;0
LAGOA VERMELHA;2020;7;0
LAGOA VERMELHA;2020;8;0
LAGOA VERMELHA;2020;9;0
LAGOA VERMELHA;2020;10;0
LAGOA VERMELHA;2020;11;0
LAGOA VERMELHA;2020;12;0
LAGOA VERMELHA;2021;1;0
LAGOA VERMELHA;2021;2;0
LAGOA VERMELHA;2021;3;0
LAGOA VERMELHA;2021;4;0
LAGOA VERMELHA;2021;5;0
LAGOA VERMELHA;2021;6;0
LAGOA VERMELHA;2021;7;0
LAGOA VERMELHA;2021;8;0
LAGOA VERMELHA;2021;9;0
LAGOA VERMELHA;2021;10;0
LAGOA VERMELHA;2021;11;0
LAGOA VERMELHA;2021;12;0
LAGOA VERMELHA;2022;1;0
LAGOA VERMELHA;2022;2;0
LAGOA VERMELHA;2022;3;0
LAGOA VERMELHA;2022;4;0
LAGOA VERMELHA;2022;5;0
LAGOA VERMELHA;2022;6;0
LAGOA VERMELHA;2022;7;0
LAGOA VERMELHA;2022;8;0
LAGOA VERMELHA;2022;9;0
LAGOA VERMELHA;2022;10;0
LAGOA VERMELHA;2022;11;0
LAGOA VERMELHA;2022;12;0
LAGOA VERMELHA;2023;1;0
LAGOA VERMELHA;2023;2;0
LAGOA VERMELHA;2023;3;0
LAGOA VERMELHA;2023;4;0
LAGOA VERMELHA;2023;5;0
LAGOA VERMELHA;2023;6;0
LAGOA VERMELHA;2023;7;0
LAGOA VERMELHA;2023;8;0
LAGOA VERMELHA;2023;9;0
LAGOA VERMELHA;2023;10;0
LAGOA VERMELHA;2023;11;0
LAGOA VERMELHA;2023;12;0
LAGOA VERMELHA;2024;1;0
LAGOA VERMELHA;2024;2;0
LAGOA VERMELHA;2024;3;0
LAGOA VERMELHA;2024;4;0
LAGOA VERMELHA;2024;5;1
LAGOA VERMELHA;2024;6;0
LAGOA VERMELHA;2024;7;0
LAGOA VERMELHA;2024;8;0
LAGOA VERMELHA;2024;9;0
LAGOA VERMELHA;2024;10;0
LAGOA VERMELHA;2024;11;0
LAGOA VERMELHA;2024;12;0
LAGOA VERMELHA;2025;1;0
LAGOA VERMELHA;2025;2;0
LAGOA VERMELHA;2025;3;0
LAGOA VERMELHA;2025;4;0
LAGOA VERMELHA;2025;5;0
LAGOA VERMELHA;2025;6;0
LAGOA VERMELHA;2025;7;0
LAGOA VERMELHA;2025;8;0
LAGOA VERMELHA;2025;9;0
LAGOA VERMELHA;2025;10;0
LAGOA VERMELHA;2025;11;0
LAGOA VERMELHA;2025;12;0
PALMEIRA DAS MISSOES;2015;1;0
PALMEIRA DAS MISSOES;2015;2;0
PALMEIRA DAS MISSOES;2015;3;0
PALMEIRA DAS MISSOES;2015;4;0
PALMEIRA DAS MISSOES;2015;5;0
PALMEIRA DAS MISSOES;2015;6;0
PALMEIRA DAS MISSOES;2015;7;0
PALMEIRA DAS MISSOES;2015;8;0
PALMEIRA DAS MISSOES;2015;9;0
PALMEIRA DAS MISSOES;2015;10;0
PALMEIRA DAS MISSOES;2015;11;0
PALMEIRA DAS MISSOES;2015;12;0
PALMEIRA DAS MISSOES;2016;1;0
PALMEIRA DAS MISSOES;2016;2;0
PALMEIRA DAS MISSOES;2016;3;0
PALMEIRA DAS MISSOES;2016;4;0
PALMEIRA DAS MISSOES;2016;5;0
PALMEIRA DAS MISSOES;2016;6;0
PALMEIRA DAS MISSOES;2016;7;0
PALMEIRA DAS MISSOES;2016;8;0
PALMEIRA DAS MISSOES;2016;9;0
PALMEIRA DAS MISSOES;2016;10;0
PALMEIRA DAS MISSOES;2016;11;0
PALMEIRA DAS MISSOES;2016;12;0
PALMEIRA DAS MISSOES;2017;1;0
PALMEIRA DAS MISSOES;2017;2;0
PALMEIRA DAS MISSOES;2017;3;0
PALMEIRA DAS MISSOES;2017;4;0
PALMEIRA DAS MISSOES;2017;5;0
PALMEIRA DAS MISSOES;2017;6;0
PALMEIRA DAS MISSOES;2017;7;0
PALMEIRA DAS MISSOES;2017;8;0
PALMEIRA DAS MISSOES;2017;9;0
PALMEIRA DAS MISSOES;2017;10;0
PALMEIRA DAS MISSOES;2017;11;0
PALMEIRA DAS MISSOES;2017;12;0
PALMEIRA DAS MISSOES;2018;1;0
PALMEIRA DAS MISSOES;2018;2;0
PALMEIRA DAS MISSOES;2018;3;0
PALMEIRA DAS MISSOES;2018;4;0
PALMEIRA DAS MISSOES;2018;5;0
PALMEIRA DAS MISSOES;2018;6;0
PALMEIRA DAS MISSOES;2018;7;0
PALMEIRA DAS MISSOES;2018;8;0
PALMEIRA DAS MISSOES;2018;9;0
PALMEIRA DAS MISSOES;2018;10;0
PALMEIRA DAS MISSOES;2018;11;0
PALMEIRA DAS MISSOES;2018;12;0
PALMEIRA DAS MISSOES;2019;1;0
PALMEIRA DAS MISSOES;2019;2;0
PALMEIRA DAS MISSOES;2019;3;0
PALMEIRA DAS MISSOES;2019;4;0
PALMEIRA DAS MISSOES;2019;5;0
PALMEIRA DAS MISSOES;2019;6;0
PALMEIRA DAS MISSOES;2019;7;0
PALMEIRA DAS MISSOES;2019;8;0
PALMEIRA DAS MISSOES;2019;9;0
PALMEIRA DAS MISSOES;2019;10;1
PALMEIRA DAS MISSOES;2019;11;0
PALMEIRA DAS MISSOES;2019;12;0
PALMEIRA DAS MISSOES;2020;1;0
PALMEIRA DAS MISSOES;2020;2;0
PALMEIRA DAS MISSOES;2020;3;0
PALMEIRA DAS MISSOES;2020;4;0
PALMEIRA DAS MISSOES;2020;5;0
PALMEIRA DAS MISSOES;2020;6;0
PALMEIRA DAS MISSOES;2020;7;0
PALMEIRA DAS MISSOES;2020;8;0
PALMEIRA DAS MISSOES;2020;9;0
PALMEIRA DAS MISSOES;2020;10;0
PALMEIRA DAS MISSOES;2020;11;0
PALMEIRA DAS MISSOES;2020;12;0
PALMEIRA DAS MISSOES;2021;1;0
PALMEIRA DAS MISSOES;2021;2;0
PALMEIRA DAS MISSOES;2021;3;0
PALMEIRA DAS MISSOES;2021;4;0
PALMEIRA DAS MISSOES;2021;5;0
PALMEIRA DAS MISSOES;2021;6;0
PALMEIRA DAS MISSOES;2021;7;0
PALMEIRA DAS MISSOES;2021;8;0
PALMEIRA DAS MISSOES;2021;9;0
PALMEIRA DAS MISSOES;2021;10;0
PALMEIRA DAS MISSOES;2021;11;0
PALMEIRA DAS MISSOES;2021;12;0
PALMEIRA DAS MISSOES;2022;1;0
PALMEIRA DAS MISSOES;2022;2;1
PALMEIRA DAS MISSOES;2022;3;0
PALMEIRA DAS MISSOES;2022;4;0
PALMEIRA DAS MISSOES;2022;5;0
PALMEIRA DAS MISSOES;2022;6;0
PALMEIRA DAS MISSOES;2022;7;0
PALMEIRA DAS MISSOES;2022;8;0
PALMEIRA DAS MISSOES;2022;9;0
PALMEIRA DAS MISSOES;2022;10;0
PALMEIRA DAS MISSOES;2022;11;0
PALMEIRA DAS MISSOES;2022;12;0
PALMEIRA DAS MISSOES;2023;1;0
PALMEIRA DAS MISSOES;2023;2;0
PALMEIRA DAS MISSOES;2023;3;0
PALMEIRA DAS MISSOES;2023;4;0
PALMEIRA DAS MISSOES;2023;5;0
PALMEIRA DAS MISSOES;2023;6;0
PALMEIRA DAS MISSOES;2023;7;0
PALMEIRA DAS MISSOES;2023;8;0
PALMEIRA DAS MISSOES;2023;9;0
PALMEIRA DAS MISSOES;2023;10;0
PALMEIRA DAS MISSOES;2023;11;0
PALMEIRA DAS MISSOES;2023;12;0
PALMEIRA DAS MISSOES;2024;1;0
PALMEIRA DAS MISSOES;2024;2;0
PALMEIRA DAS MISSOES;2024;3;0
PALMEIRA DAS MISSOES;2024;4;0
PALMEIRA DAS MISSOES;2024;5;0
PALMEIRA DAS MISSOES;2024;6;0
PALMEIRA DAS MISSOES;2024;7;0
PALMEIRA DAS MISSOES;2024;8;0
PALMEIRA DAS MISSOES;2024;9;0
PALMEIRA DAS MISSOES;2024;10;0
PALMEIRA DAS MISSOES;2024;11;0
PALMEIRA DAS MISSOES;2024;12;0
PALMEIRA DAS MISSOES;2025;1;0
PALMEIRA DAS MISSOES;2025;2;0
PALMEIRA DAS MISSOES;2025;3;0
PALMEIRA DAS MISSOES;2025;4;0
PALMEIRA DAS MISSOES;2025;5;0
PALMEIRA DAS MISSOES;2025;6;0
PALMEIRA DAS MISSOES;2025;7;0
PALMEIRA DAS MISSOES;2025;8;0
PALMEIRA DAS MISSOES;2025;9;0
PALMEIRA DAS MISSOES;2025;10;0
PALMEIRA DAS MISSOES;2025;11;0
PALMEIRA DAS MISSOES;2025;12;0
PASSO FUNDO;2015;1;2
PASSO FUNDO;2015;2;2
PASSO FUNDO;2015;3;2
PASSO FUNDO;2015;4;2
PASSO FUNDO;2015;5;2
PASSO FUNDO;2015;6;0
PASSO FUNDO;2015;7;1
PASSO FUNDO;2015;8;0
PASSO FUNDO;2015;9;1
PASSO FUNDO;2015;10;1
PASSO FUNDO;2015;11;0
PASSO FUNDO;2015;12;2
PASSO FUNDO;2016;1;1
PASSO FUNDO;2016;2;3
PASSO FUNDO;2016;3;1
PASSO FUNDO;2016;4;1
PASSO FUNDO;2016;5;2
PASSO FUNDO;2016;6;2
PASSO FUNDO;2016;7;1
PASSO FUNDO;2016;8;3
PASSO FUNDO;2016;9;0
PASSO FUNDO;2016;10;1
PASSO FUNDO;2016;11;2
PASSO FUNDO;2016;12;0
PASSO FUNDO;2017;1;2
PASSO FUNDO;2017;2;1
PASSO FUNDO;2017;3;1
PASSO FUNDO;2017;4;0
PASSO FUNDO;2017;5;1
PASSO FUNDO;2017;6;2
PASSO FUNDO;2017;7;1
PASSO FUNDO;2017;8;0
PASSO FUNDO;2017;9;0
PASSO FUNDO;2017;10;0
PASSO FUNDO;2017;11;2
PASSO FUNDO;2017;12;0
PASSO FUNDO;2018;1;2
PASSO FUNDO;2018;2;1
PASSO FUNDO;2018;3;1
PASSO FUNDO;2018;4;1
PASSO FUNDO;2018;5;1
PASSO FUNDO;2018;6;0
PASSO FUNDO;2018;7;0
PASSO FUNDO;2018;8;1
PASSO FUNDO;2018;9;0
PASSO FUNDO;2018;10;1
PASSO FUNDO;2018;11;0
PASSO FUNDO;2018;12;0
PASSO FUNDO;2019;1;2
PASSO FUNDO;2019;2;1
PASSO FUNDO;2019;3;2
PASSO FUNDO;2019;4;3
PASSO FUNDO;2019;5;2
PASSO FUNDO;2019;6;1
PASSO FUNDO;2019;7;0
PASSO FUNDO;2019;8;0
PASSO FUNDO;2019;9;1
PASSO FUNDO;2019;10;0
PASSO FUNDO;2019;11;1
PASSO FUNDO;2019;12;0
PASSO FUNDO;2020;1;0
PASSO FUNDO;2020;2;0
PASSO FUNDO;2020;3;0
PASSO FUNDO;2020;4;0
PASSO FUNDO;2020;5;0
PASSO FUNDO;2020;6;0
PASSO FUNDO;2020;7;0
PASSO FUNDO;2020;8;0
PASSO FUNDO;2020;9;0
PASSO FUNDO;2020;10;0
PASSO FUNDO;2020;11;0
PASSO FUNDO;2020;12;0
PASSO FUNDO;2021;1;0
PASSO FUNDO;2021;2;2
PASSO FUNDO;2021;3;0
PASSO FUNDO;2021;4;0
PASSO FUNDO;2021;5;0
PASSO FUNDO;2021;6;0
PASSO FUNDO;2021;7;0
PASSO FUNDO;2021;8;0
PASSO FUNDO;2021;9;0
PASSO FUNDO;2021;10;1
PASSO FUNDO;2021;11;1
PASSO FUNDO;2021;12;0
PASSO FUNDO;2022;1;0
PASSO FUNDO;2022;2;0
PASSO FUNDO;2022;3;3
PASSO FUNDO;2022;4;3
PASSO FUNDO;2022;5;2
PASSO FUNDO;2022;6;0
PASSO FUNDO;2022;7;0
PASSO FUNDO;2022;8;2
PASSO FUNDO;2022;9;1
PASSO FUNDO;2022;10;1
PASSO FUNDO;2022;11;0
PASSO FUNDO;2022;12;3
PASSO FUNDO;2023;1;1
PASSO FUNDO;2023;2;2
PASSO FUNDO;2023;3;0
PASSO FUNDO;2023;4;2
PASSO FUNDO;2023;5;2
PASSO FUNDO;2023;6;0
PASSO FUNDO;2023;7;1
PASSO FUNDO;2023;8;1
PASSO FUNDO;2023;9;1
PASSO FUNDO;2023;10;2
PASSO FUNDO;2023;11;1
PASSO FUNDO;2023;12;1
PASSO FUNDO;2024;1;2
PASSO FUNDO;2024;2;1
PASSO FUNDO;2024;3;1
PASSO FUNDO;2024;4;2
PASSO FUNDO;2024;5;4
PASSO FUNDO;2024;6;1
PASSO FUNDO;2024;7;1
PASSO FUNDO;2024;8;1
PASSO FUNDO;2024;9;0
PASSO FUNDO;2024;10;2
PASSO FUNDO;2024;11;1
PASSO FUNDO;2024;12;0
PASSO FUNDO;2025;1;0
PASSO FUNDO;2025;2;2
PASSO FUNDO;2025;3;1
PASSO FUNDO;2025;4;1
PASSO FUNDO;2025;5;0
PASSO FUNDO;2025;6;0
PASSO FUNDO;2025;7;0
PASSO FUNDO;2025;8;1
PASSO FUNDO;2025;9;0
PASSO FUNDO;2025;10;0
PASSO FUNDO;2025;11;0
PASSO FUNDO;2025;12;0
PORTO ALEGRE;2015;1;5
PORTO ALEGRE;2015;2;3
PORTO ALEGRE;2015;3;9
PORTO ALEGRE;2015;4;3
PORTO ALEGRE;2015;5;9
PORTO ALEGRE;2015;6;4
PORTO ALEGRE;2015;7;3
PORTO ALEGRE;2015;8;7
PORTO ALEGRE;2015;9;3
PORTO ALEGRE;2015;10;10
PORTO ALEGRE;2015;11;7
PORTO ALEGRE;2015;12;5
PORTO ALEGRE;2016;1;4
PORTO ALEGRE;2016;2;9
PORTO ALEGRE;2016;3;9
PORTO ALEGRE;2016;4;6
PORTO ALEGRE;2016;5;4
PORTO ALEGRE;2016;6;1
PORTO ALEGRE;2016;7;2
PORTO ALEGRE;2016;8;0
PORTO ALEGRE;2016;9;5
PORTO ALEGRE;2016;10;0
PORTO ALEGRE;2016;11;5
PORTO ALEGRE;2016;12;6
PORTO ALEGRE;2017;1;12
PORTO ALEGRE;2017;2;8
PORTO ALEGRE;2017;3;15
PORTO ALEGRE;2017;4;4
PORTO ALEGRE;2017;5;3
PORTO ALEGRE;2017;6;13
PORTO ALEGRE;2017;7;5
PORTO ALEGRE;2017;8;1
PORTO ALEGRE;2017;9;1
PORTO ALEGRE;2017;10;8
PORTO ALEGRE;2017;11;7
PORTO ALEGRE;2017;12;8
PORTO ALEGRE;2018;1;4
PORTO ALEGRE;2018;2;11
PORTO ALEGRE;2018;3;4
PORTO ALEGRE;2018;4;4
PORTO ALEGRE;2018;5;1
PORTO ALEGRE;2018;6;2
PORTO ALEGRE;2018;7;0
PORTO ALEGRE;2018;8;1
PORTO ALEGRE;2018;9;8
PORTO ALEGRE;2018;10;6
PORTO ALEGRE;2018;11;2
PORTO ALEGRE;2018;12;3
PORTO ALEGRE;2019;1;7
PORTO ALEGRE;2019;2;10
PORTO ALEGRE;2019;3;4
PORTO ALEGRE;2019;4;8
PORTO ALEGRE;2019;5;14
PORTO ALEGRE;2019;6;8
PORTO ALEGRE;2019;7;2
PORTO ALEGRE;2019;8;3
PORTO ALEGRE;2019;9;4
PORTO ALEGRE;2019;10;7
PORTO ALEGRE;2019;11;2
PORTO ALEGRE;2019;12;4
PORTO ALEGRE;2020;1;3
PORTO ALEGRE;2020;2;7
PORTO ALEGRE;2020;3;1
PORTO ALEGRE;2020;4;3
PORTO ALEGRE;2020;5;2
PORTO ALEGRE;2020;6;1
PORTO ALEGRE;2020;7;0
PORTO ALEGRE;2020;8;1
PORTO ALEGRE;2020;9;4
PORTO ALEGRE;2020;10;1
PORTO ALEGRE;2020;11;2
PORTO ALEGRE;2020;12;4
PORTO ALEGRE;2021;1;1
PORTO ALEGRE;2021;2;3
PORTO ALEGRE;2021;3;4
PORTO ALEGRE;2021;4;2
PORTO ALEGRE;2021;5;2
PORTO ALEGRE;2021;6;1
PORTO ALEGRE;2021;7;2
PORTO ALEGRE;2021;8;1
PORTO ALEGRE;2021;9;3
PORTO ALEGRE;2021;10;2
PORTO ALEGRE;2021;11;3
PORTO ALEGRE;2021;12;2
PORTO ALEGRE;2022;1;2
PORTO ALEGRE;2022;2;8
PORTO ALEGRE;2022;3;12
PORTO ALEGRE;2022;4;2
PORTO ALEGRE;2022;5;7
PORTO ALEGRE;2022;6;1
PORTO ALEGRE;2022;7;5
PORTO ALEGRE;2022;8;6
PORTO ALEGRE;2022;9;3
PORTO ALEGRE;2022;10;1
PORTO ALEGRE;2022;11;5
PORTO ALEGRE;2022;12;1
PORTO ALEGRE;2023;1;4
PORTO ALEGRE;2023;2;4
PORTO ALEGRE;2023;3;7
PORTO ALEGRE;2023;4;0
PORTO ALEGRE;2023;5;10
PORTO ALEGRE;2023;6;8
PORTO ALEGRE;2023;7;8
PORTO ALEGRE;2023;8;6
PORTO ALEGRE;2023;9;8
PORTO ALEGRE;2023;10;15
PORTO ALEGRE;2023;11;8
PORTO ALEGRE;2023;12;10
PORTO ALEGRE;2024;1;12
PORTO ALEGRE;2024;2;11
PORTO ALEGRE;2024;3;3
PORTO ALEGRE;2024;4;5
PORTO ALEGRE;2024;5;130
PORTO ALEGRE;2024;6;104
PORTO ALEGRE;2024;7;34
PORTO ALEGRE;2024;8;3
PORTO ALEGRE;2024;9;5
PORTO ALEGRE;2024;10;8
PORTO ALEGRE;2024;11;2
PORTO ALEGRE;2024;12;4
PORTO ALEGRE;2025;1;3
PORTO ALEGRE;2025;2;6
PORTO ALEGRE;2025;3;6
PORTO ALEGRE;2025;4;3
PORTO ALEGRE;2025;5;2
PORTO ALEGRE;2025;6;3
PORTO ALEGRE;2025;7;4
PORTO ALEGRE;2025;8;4
PORTO ALEGRE;2025;9;4
PORTO ALEGRE;2025;10;0
PORTO ALEGRE;2025;11;5
PORTO ALEGRE;2025;12;1
RIO GRANDE;2015;1;0
RIO GRANDE;2015;2;1
RIO GRANDE;2015;3;2
RIO GRANDE;2015;4;0
RIO GRANDE;2015;5;0
RIO GRANDE;2015;6;0
RIO GRANDE;2015;7;0
RIO GRANDE;2015;8;0
RIO GRANDE;2015;9;0
RIO GRANDE;2015;10;0
RIO GRANDE;2015;11;0
RIO GRANDE;2015;12;1
RIO GRANDE;2016;1;0
RIO GRANDE;2016;2;0
RIO GRANDE;2016;3;0
RIO GRANDE;2016;4;1
RIO GRANDE;2016;5;0
RIO GRANDE;2016;6;0
RIO GRANDE;2016;7;0
RIO GRANDE;2016;8;1
RIO GRANDE;2016;9;0
RIO GRANDE;2016;10;0
RIO GRANDE;2016;11;0
RIO GRANDE;2016;12;0
RIO GRANDE;2017;1;2
RIO GRANDE;2017;2;1
RIO GRANDE;2017;3;0
RIO GRANDE;2017;4;2
RIO GRANDE;2017;5;0
RIO GRANDE;2017;6;1
RIO GRANDE;2017;7;0
RIO GRANDE;2017;8;0
RIO GRANDE;2017;9;0
RIO GRANDE;2017;10;1
RIO GRANDE;2017;11;0
RIO GRANDE;2017;12;0
RIO GRANDE;2018;1;0
RIO GRANDE;2018;2;0
RIO GRANDE;2018;3;0
RIO GRANDE;2018;4;0
RIO GRANDE;2018;5;1
RIO GRANDE;2018;6;0
RIO GRANDE;2018;7;0
RIO GRANDE;2018;8;0
RIO GRANDE;2018;9;0
RIO GRANDE;2018;10;0
RIO GRANDE;2018;11;0
RIO GRANDE;2018;12;0
RIO GRANDE;2019;1;0
RIO GRANDE;2019;2;2
RIO GRANDE;2019;3;0
RIO GRANDE;2019;4;1
RIO GRANDE;2019;5;0
RIO GRANDE;2019;6;0
RIO GRANDE;2019;7;0
RIO GRANDE;2019;8;0
RIO GRANDE;2019;9;0
RIO GRANDE;2019;10;0
RIO GRANDE;2019;11;0
RIO GRANDE;2019;12;1
RIO GRANDE;2020;1;0
RIO GRANDE;2020;2;0
RIO GRANDE;2020;3;0
RIO GRANDE;2020;4;1
RIO GRANDE;2020;5;0
RIO GRANDE;2020;6;0
RIO GRANDE;2020;7;0
RIO GRANDE;2020;8;0
RIO GRANDE;2020;9;0
RIO GRANDE;2020;10;0
RIO GRANDE;2020;11;0
RIO GRANDE;2020;12;0
RIO GRANDE;2021;1;0
RIO GRANDE;2021;2;0
RIO GRANDE;2021;3;0
RIO GRANDE;2021;4;0
RIO GRANDE;2021;5;0
RIO GRANDE;2021;6;0
RIO GRANDE;2021;7;0
RIO GRANDE;2021;8;0
RIO GRANDE;2021;9;0
RIO GRANDE;2021;10;0
RIO GRANDE;2021;11;0
RIO GRANDE;2021;12;0
RIO GRANDE;2022;1;0
RIO GRANDE;2022;2;0
RIO GRANDE;2022;3;1
RIO GRANDE;2022;4;0
RIO GRANDE;2022;5;0
RIO GRANDE;2022;6;0
RIO GRANDE;2022;7;1
RIO GRANDE;2022;8;0
RIO GRANDE;2022;9;0
RIO GRANDE;2022;10;0
RIO GRANDE;2022;11;0
RIO GRANDE;2022;12;0
RIO GRANDE;2023;1;0
RIO GRANDE;2023;2;0
RIO GRANDE;2023;3;0
RIO GRANDE;2023;4;0
RIO GRANDE;2023;5;0
RIO GRANDE;2023;6;1
RIO GRANDE;2023;7;1
RIO GRANDE;2023;8;0
RIO GRANDE;2023;9;0
RIO GRANDE;2023;10;1
RIO GRANDE;2023;11;0
RIO GRANDE;2023;12;0
RIO GRANDE;2024;1;1
RIO GRANDE;2024;2;0
RIO GRANDE;2024;3;1
RIO GRANDE;2024;4;1
RIO GRANDE;2024;5;18
RIO GRANDE;2024;6;14
RIO GRANDE;2024;7;2
RIO GRANDE;2024;8;2
RIO GRANDE;2024;9;0
RIO GRANDE;2024;10;0
RIO GRANDE;2024;11;1
RIO GRANDE;2024;12;0
RIO GRANDE;2025;1;0
RIO GRANDE;2025;2;1
RIO GRANDE;2025;3;0
RIO GRANDE;2025;4;1
RIO GRANDE;2025;5;1
RIO GRANDE;2025;6;0
RIO GRANDE;2025;7;0
RIO GRANDE;2025;8;0
RIO GRANDE;2025;9;0
RIO GRANDE;2025;10;0
RIO GRANDE;2025;11;1
RIO GRANDE;2025;12;0
RIO PARDO;2015;1;1
RIO PARDO;2015;2;2
RIO PARDO;2015;3;0
RIO PARDO;2015;4;0
RIO PARDO;2015;5;1
RIO PARDO;2015;6;0
RIO PARDO;2015;7;0
RIO PARDO;2015;8;0
RIO PARDO;2015;9;0
RIO PARDO;2015;10;0
RIO PARDO;2015;11;1
RIO PARDO;2015;12;0
RIO PARDO;2016;1;0
RIO PARDO;2016;2;0
RIO PARDO;2016;3;1
RIO PARDO;2016;4;0
RIO PARDO;2016;5;0
RIO PARDO;2016;6;1
RIO PARDO;2016;7;0
RIO PARDO;2016;8;0
RIO PARDO;2016;9;1
RIO PARDO;2016;10;0
RIO PARDO;2016;11;2
RIO PARDO;2016;12;0
RIO PARDO;2017;1;0
RIO PARDO;2017;2;5
RIO PARDO;2017;3;1
RIO PARDO;2017;4;1
RIO PARDO;2017;5;0
RIO PARDO;2017;6;0
RIO PARDO;2017;7;0
RIO PARDO;2017;8;0
RIO PARDO;2017;9;0
RIO PARDO;2017;10;2
RIO PARDO;2017;11;0
RIO PARDO;2017;12;0
RIO PARDO;2018;1;1
RIO PARDO;2018;2;1
RIO PARDO;2018;3;2
RIO PARDO;2018;4;1
RIO PARDO;2018;5;1
RIO PARDO;2018;6;1
RIO PARDO;2018;7;0
RIO PARDO;2018;8;0
RIO PARDO;2018;9;0
RIO PARDO;2018;10;0
RIO PARDO;2018;11;0
RIO PARDO;2018;12;0
RIO PARDO;2019;1;2
RIO PARDO;2019;2;0
RIO PARDO;2019;3;4
RIO PARDO;2019;4;1
RIO PARDO;2019;5;0
RIO PARDO;2019;6;0
RIO PARDO;2019;7;1
RIO PARDO;2019;8;1
RIO PARDO;2019;9;0
RIO PARDO;2019;10;0
RIO PARDO;2019;11;1
RIO PARDO;2019;12;0
RIO PARDO;2020;1;0
RIO PARDO;2020;2;0
RIO PARDO;2020;3;0
RIO PARDO;2020;4;0
RIO PARDO;2020;5;0
RIO PARDO;2020;6;0
RIO PARDO;2020;7;0
RIO PARDO;2020;8;0
RIO PARDO;2020;9;0
RIO PARDO;2020;10;0
RIO PARDO;2020;11;0
RIO PARDO;2020;12;0
RIO PARDO;2021;1;0
RIO PARDO;2021;2;0
RIO PARDO;2021;3;1
RIO PARDO;2021;4;0
RIO PARDO;2021;5;0
RIO PARDO;2021;6;0
RIO PARDO;2021;7;0
RIO PARDO;2021;8;0
RIO PARDO;2021;9;0
RIO PARDO;2021;10;0
RIO PARDO;2021;11;0
RIO PARDO;2021;12;0
RIO PARDO;2022;1;0
RIO PARDO;2022;2;0
RIO PARDO;2022;3;0
RIO PARDO;2022;4;0
RIO PARDO;2022;5;0
RIO PARDO;2022;6;0
RIO PARDO;2022;7;0
RIO PARDO;2022;8;0
RIO PARDO;2022;9;0
RIO PARDO;2022;10;0
RIO PARDO;2022;11;0
RIO PARDO;2022;12;0
RIO PARDO;2023;1;0
RIO PARDO;2023;2;0
RIO PARDO;2023;3;0
RIO PARDO;2023;4;0
RIO PARDO;2023;5;0
RIO PARDO;2023;6;0
RIO PARDO;2023;7;0
RIO PARDO;2023;8;0
RIO PARDO;2023;9;0
RIO PARDO;2023;10;0
RIO PARDO;2023;11;0
RIO PARDO;2023;12;0
RIO PARDO;2024;1;0
RIO PARDO;2024;2;1
RIO PARDO;2024;3;0
RIO PARDO;2024;4;1
RIO PARDO;2024;5;1
RIO PARDO;2024;6;0
RIO PARDO;2024;7;0
RIO PARDO;2024;8;0
RIO PARDO;2024;9;0
RIO PARDO;2024;10;0
RIO PARDO;2024;11;0
RIO PARDO;2024;12;1
RIO PARDO;2025;1;0
RIO PARDO;2025;2;0
RIO PARDO;2025;3;0
RIO PARDO;2025;4;1
RIO PARDO;2025;5;0
RIO PARDO;2025;6;0
RIO PARDO;2025;7;3
RIO PARDO;2025;8;0
RIO PARDO;2025;9;0
RIO PARDO;2025;10;0
RIO PARDO;2025;11;0
RIO PARDO;2025;12;0
SANTA MARIA;2015;1;2
SANTA MARIA;2015;2;3
SANTA MARIA;2015;3;5
SANTA MARIA;2015;4;0
SANTA MARIA;2015;5;1
SANTA MARIA;2015;6;1
SANTA MARIA;2015;7;0
SANTA MARIA;2015;8;2
SANTA MARIA;2015;9;1
SANTA MARIA;2015;10;1
SANTA MARIA;2015;11;2
SANTA MARIA;2015;12;1
SANTA MARIA;2016;1;5
SANTA MARIA;2016;2;5
SANTA MARIA;2016;3;5
SANTA MARIA;2016;4;0
SANTA MARIA;2016;5;0
SANTA MARIA;2016;6;0
SANTA MARIA;2016;7;1
SANTA MARIA;2016;8;0
SANTA MARIA;2016;9;0
SANTA MARIA;2016;10;2
SANTA MARIA;2016;11;1
SANTA MARIA;2016;12;0
SANTA MARIA;2017;1;1
SANTA MARIA;2017;2;1
SANTA MARIA;2017;3;1
SANTA MARIA;2017;4;0
SANTA MARIA;2017;5;0
SANTA MARIA;2017;6;0
SANTA MARIA;2017;7;1
SANTA MARIA;2017;8;0
SANTA MARIA;2017;9;0
SANTA MARIA;2017;10;0
SANTA MARIA;2017;11;0
SANTA MARIA;2017;12;2
SANTA MARIA;2018;1;4
SANTA MARIA;2018;2;2
SANTA MARIA;2018;3;1
SANTA MARIA;2018;4;1
SANTA MARIA;2018;5;1
SANTA MARIA;2018;6;0
SANTA MARIA;2018;7;0
SANTA MARIA;2018;8;0
SANTA MARIA;2018;9;1
SANTA MARIA;2018;10;1
SANTA MARIA;2018;11;0
SANTA MARIA;2018;12;1
SANTA MARIA;2019;1;3
SANTA MARIA;2019;2;2
SANTA MARIA;2019;3;1
SANTA MARIA;2019;4;1
SANTA MARIA;2019;5;1
SANTA MARIA;2019;6;0
SANTA MARIA;2019;7;0
SANTA MARIA;2019;8;0
SANTA MARIA;2019;9;0
SANTA MARIA;2019;10;1
SANTA MARIA;2019;11;1
SANTA MARIA;2019;12;0
SANTA MARIA;2020;1;0
SANTA MARIA;2020;2;0
SANTA MARIA;2020;3;2
SANTA MARIA;2020;4;0
SANTA MARIA;2020;5;0
SANTA MARIA;2020;6;0
SANTA MARIA;2020;7;1
SANTA MARIA;2020;8;1
SANTA MARIA;2020;9;0
SANTA MARIA;2020;10;1
SANTA MARIA;2020;11;1
SANTA MARIA;2020;12;0
SANTA MARIA;2021;1;1
SANTA MARIA;2021;2;1
SANTA MARIA;2021;3;1
SANTA MARIA;2021;4;0
SANTA MARIA;2021;5;0
SANTA MARIA;2021;6;0
SANTA MARIA;2021;7;0
SANTA MARIA;2021;8;0
SANTA MARIA;2021;9;1
SANTA MARIA;2021;10;0
SANTA MARIA;2021;11;1
SANTA MARIA;2021;12;0
SANTA MARIA;2022;1;0
SANTA MARIA;2022;2;1
SANTA MARIA;2022;3;4
SANTA MARIA;2022;4;1
SANTA MARIA;2022;5;0
SANTA MARIA;2022;6;1
SANTA MARIA;2022;7;0
SANTA MARIA;2022;8;0
SANTA MARIA;2022;9;1
SANTA MARIA;2022;10;3
SANTA MARIA;2022;11;1
SANTA MARIA;2022;12;1
SANTA MARIA;2023;1;1
SANTA MARIA;2023;2;1
SANTA MARIA;2023;3;2
SANTA MARIA;2023;4;1
SANTA MARIA;2023;5;0
SANTA MARIA;2023;6;0
SANTA MARIA;2023;7;1
SANTA MARIA;2023;8;0
SANTA MARIA;2023;9;2
SANTA MARIA;2023;10;4
SANTA MARIA;2023;11;0
SANTA MARIA;2023;12;3
SANTA MARIA;2024;1;3
SANTA MARIA;2024;2;6
SANTA MARIA;2024;3;2
SANTA MARIA;2024;4;1
SANTA MARIA;2024;5;8
SANTA MARIA;2024;6;2
SANTA MARIA;2024;7;2
SANTA MARIA;2024;8;1
SANTA MARIA;2024;9;2
SANTA MARIA;2024;10;1
SANTA MARIA;2024;11;1
SANTA MARIA;2024;12;0
SANTA MARIA;2025;1;3
SANTA MARIA;2025;2;1
SANTA MARIA;2025;3;2
SANTA MARIA;2025;4;0
SANTA MARIA;2025;5;1
SANTA MARIA;2025;6;1
SANTA MARIA;2025;7;0
SANTA MARIA;2025;8;0
SANTA MARIA;2025;9;1
SANTA MARIA;2025;10;1
SANTA MARIA;2025;11;0
SANTA MARIA;2025;12;0
SANTA ROSA;2015;1;1
SANTA ROSA;2015;2;0
SANTA ROSA;2015;3;0
SANTA ROSA;2015;4;0
SANTA ROSA;2015;5;0
SANTA ROSA;2015;6;1
SANTA ROSA;2015;7;0
SANTA ROSA;2015;8;0
SANTA ROSA;2015;9;0
SANTA ROSA;2015;10;0
SANTA ROSA;2015;11;0
SANTA ROSA;2015;12;0
SANTA ROSA;2016;1;2
SANTA ROSA;2016;2;3
SANTA ROSA;2016;3;2
SANTA ROSA;2016;4;1
SANTA ROSA;2016;5;0
SANTA ROSA;2016;6;0
SANTA ROSA;2016;7;0
SANTA ROSA;2016;8;0
SANTA ROSA;2016;9;0
SANTA ROSA;2016;10;0
SANTA ROSA;2016;11;0
SANTA ROSA;2016;12;1
SANTA ROSA;2017;1;1
SANTA ROSA;2017;2;0
SANTA ROSA;2017;3;2
SANTA ROSA;2017;4;1
SANTA ROSA;2017;5;0
SANTA ROSA;2017;6;1
SANTA ROSA;2017;7;0
SANTA ROSA;2017;8;1
SANTA ROSA;2017;9;0
SANTA ROSA;2017;10;3
SANTA ROSA;2017;11;0
SANTA ROSA;2017;12;0
SANTA ROSA;2018;1;2
SANTA ROSA;2018;2;3
SANTA ROSA;2018;3;2
SANTA ROSA;2018;4;0
SANTA ROSA;2018;5;1
SANTA ROSA;2018;6;0
SANTA ROSA;2018;7;0
SANTA ROSA;2018;8;0
SANTA ROSA;2018;9;0
SANTA ROSA;2018;10;0
SANTA ROSA;2018;11;0
SANTA ROSA;2018;12;0
SANTA ROSA;2019;1;0
SANTA ROSA;2019;2;1
SANTA ROSA;2019;3;2
SANTA ROSA;2019;4;1
SANTA ROSA;2019;5;3
SANTA ROSA;2019;6;1
SANTA ROSA;2019;7;0
SANTA ROSA;2019;8;0
SANTA ROSA;2019;9;0
SANTA ROSA;2019;10;0
SANTA ROSA;2019;11;1
SANTA ROSA;2019;12;2
SANTA ROSA;2020;1;3
SANTA ROSA;2020;2;2
SANTA ROSA;2020;3;1
SANTA ROSA;2020;4;2
SANTA ROSA;2020;5;0
SANTA ROSA;2020;6;0
SANTA ROSA;2020;7;0
SANTA ROSA;2020;8;0
SANTA ROSA;2020;9;0
SANTA ROSA;2020;10;0
SANTA ROSA;2020;11;0
SANTA ROSA;2020;12;0
SANTA ROSA;2021;1;0
SANTA ROSA;2021;2;0
SANTA ROSA;2021;3;2
SANTA ROSA;2021;4;0
SANTA ROSA;2021;5;1
SANTA ROSA;2021;6;0
SANTA ROSA;2021;7;0
SANTA ROSA;2021;8;0
SANTA ROSA;2021;9;0
SANTA ROSA;2021;10;0
SANTA ROSA;2021;11;1
SANTA ROSA;2021;12;0
SANTA ROSA;2022;1;0
SANTA ROSA;2022;2;1
SANTA ROSA;2022;3;0
SANTA ROSA;2022;4;0
SANTA ROSA;2022;5;0
SANTA ROSA;2022;6;0
SANTA ROSA;2022;7;0
SANTA ROSA;2022;8;0
SANTA ROSA;2022;9;0
SANTA ROSA;2022;10;0
SANTA ROSA;2022;11;0
SANTA ROSA;2022;12;1
SANTA ROSA;2023;1;1
SANTA ROSA;2023;2;1
SANTA ROSA;2023;3;1
SANTA ROSA;2023;4;0
SANTA ROSA;2023;5;0
SANTA ROSA;2023;6;1
SANTA ROSA;2023;7;0
SANTA ROSA;2023;8;0
SANTA ROSA;2023;9;0
SANTA ROSA;2023;10;0
SANTA ROSA;2023;11;0
SANTA ROSA;2023;12;0
SANTA ROSA;2024;1;1
SANTA ROSA;2024;2;1
SANTA ROSA;2024;3;1
SANTA ROSA;2024;4;1
SANTA ROSA;2024;5;0
SANTA ROSA;2024;6;2
SANTA ROSA;2024;7;0
SANTA ROSA;2024;8;0
SANTA ROSA;2024;9;0
SANTA ROSA;2024;10;0
SANTA ROSA;2024;11;0
SANTA ROSA;2024;12;0
SANTA ROSA;2025;1;2
SANTA ROSA;2025;2;0
SANTA ROSA;2025;3;1
SANTA ROSA;2025;4;0
SANTA ROSA;2025;5;0
SANTA ROSA;2025;6;0
SANTA ROSA;2025;7;0
SANTA ROSA;2025;8;0
SANTA ROSA;2025;9;1
SANTA ROSA;2025;10;1
SANTA ROSA;2025;11;0
SANTA ROSA;2025;12;0
SANTIAGO;2015;1;0
SANTIAGO;2015;2;0
SANTIAGO;2015;3;0
SANTIAGO;2015;4;0
SANTIAGO;2015;5;0
SANTIAGO;2015;6;0
SANTIAGO;2015;7;0
SANTIAGO;2015;8;0
SANTIAGO;2015;9;0
SANTIAGO;2015;10;0
SANTIAGO;2015;11;0
SANTIAGO;2015;12;0
SANTIAGO;2016;1;1
SANTIAGO;2016;2;0
SANTIAGO;2016;3;0
SANTIAGO;2016;4;0
SANTIAGO;2016;5;0
SANTIAGO;2016;6;0
SANTIAGO;2016;7;0
SANTIAGO;2016;8;0
SANTIAGO;2016;9;0
SANTIAGO;2016;10;0
SANTIAGO;2016;11;0
SANTIAGO;2016;12;0
SANTIAGO;2017;1;0
SANTIAGO;2017;2;0
SANTIAGO;2017;3;0
SANTIAGO;2017;4;0
SANTIAGO;2017;5;0
SANTIAGO;2017;6;1
SANTIAGO;2017;7;0
SANTIAGO;2017;8;0
SANTIAGO;2017;9;0
SANTIAGO;2017;10;0
SANTIAGO;2017;11;0
SANTIAGO;2017;12;0
SANTIAGO;2018;1;0
SANTIAGO;2018;2;0
SANTIAGO;2018;3;0
SANTIAGO;2018;4;0
SANTIAGO;2018;5;1
SANTIAGO;2018;6;0
SANTIAGO;2018;7;1
SANTIAGO;2018;8;0
SANTIAGO;2018;9;0
SANTIAGO;2018;10;0
SANTIAGO;2018;11;1
SANTIAGO;2018;12;0
SANTIAGO;2019;1;0
SANTIAGO;2019;2;0
SANTIAGO;2019;3;0
SANTIAGO;2019;4;1
SANTIAGO;2019;5;0
SANTIAGO;2019;6;0
SANTIAGO;2019;7;1
SANTIAGO;2019;8;0
SANTIAGO;2019;9;0
SANTIAGO;2019;10;0
SANTIAGO;2019;11;0
SANTIAGO;2019;12;0
SANTIAGO;2020;1;0
SANTIAGO;2020;2;0
SANTIAGO;2020;3;0
SANTIAGO;2020;4;0
SANTIAGO;2020;5;0
SANTIAGO;2020;6;0
SANTIAGO;2020;7;0
SANTIAGO;2020;8;0
SANTIAGO;2020;9;0
SANTIAGO;2020;10;0
SANTIAGO;2020;11;0
SANTIAGO;2020;12;0
SANTIAGO;2021;1;0
SANTIAGO;2021;2;0
SANTIAGO;2021;3;0
SANTIAGO;2021;4;0
SANTIAGO;2021;5;0
SANTIAGO;2021;6;0
SANTIAGO;2021;7;0
SANTIAGO;2021;8;0
SANTIAGO;2021;9;0
SANTIAGO;2021;10;0
SANTIAGO;2021;11;0
SANTIAGO;2021;12;0
SANTIAGO;2022;1;0
SANTIAGO;2022;2;0
SANTIAGO;2022;3;0
SANTIAGO;2022;4;0
SANTIAGO;2022;5;0
SANTIAGO;2022;6;0
SANTIAGO;2022;7;0
SANTIAGO;2022;8;0
SANTIAGO;2022;9;0
SANTIAGO;2022;10;0
SANTIAGO;2022;11;0
SANTIAGO;2022;12;0
SANTIAGO;2023;1;0
SANTIAGO;2023;2;0
SANTIAGO;2023;3;0
SANTIAGO;2023;4;0
SANTIAGO;2023;5;0
SANTIAGO;2023;6;0
SANTIAGO;2023;7;0
SANTIAGO;2023;8;0
SANTIAGO;2023;9;0
SANTIAGO;2023;10;0
SANTIAGO;2023;11;0
SANTIAGO;2023;12;0
SANTIAGO;2024;1;0
SANTIAGO;2024;2;0
SANTIAGO;2024;3;1
SANTIAGO;2024;4;0
SANTIAGO;2024;5;0
SANTIAGO;2024;6;0
SANTIAGO;2024;7;0
SANTIAGO;2024;8;0
SANTIAGO;2024;9;0
SANTIAGO;2024;10;0
SANTIAGO;2024;11;0
SANTIAGO;2024;12;0
SANTIAGO;2025;1;0
SANTIAGO;2025;2;0
SANTIAGO;2025;3;0
SANTIAGO;2025;4;0
SANTIAGO;2025;5;0
SANTIAGO;2025;6;0
SANTIAGO;2025;7;0
SANTIAGO;2025;8;0
SANTIAGO;2025;9;0
SANTIAGO;2025;10;0
SANTIAGO;2025;11;0
SANTIAGO;2025;12;0
SANTO AUGUSTO;2015;1;0
SANTO AUGUSTO;2015;2;0
SANTO AUGUSTO;2015;3;1
SANTO AUGUSTO;2015;4;0
SANTO AUGUSTO;2015;5;0
SANTO AUGUSTO;2015;6;0
SANTO AUGUSTO;2015;7;0
SANTO AUGUSTO;2015;8;0
SANTO AUGUSTO;2015;9;0
SANTO AUGUSTO;2015;10;0
SANTO AUGUSTO;2015;11;0
SANTO AUGUSTO;2015;12;0
SANTO AUGUSTO;2016;1;0
SANTO AUGUSTO;2016;2;0
SANTO AUGUSTO;2016;3;0
SANTO AUGUSTO;2016;4;0
SANTO AUGUSTO;2016;5;0
SANTO AUGUSTO;2016;6;0
SANTO AUGUSTO;2016;7;0
SANTO AUGUSTO;2016;8;0
SANTO AUGUSTO;2016;9;0
SANTO AUGUSTO;2016;10;0
SANTO AUGUSTO;2016;11;0
SANTO AUGUSTO;2016;12;0
SANTO AUGUSTO;2017;1;0
SANTO AUGUSTO;2017;2;0
SANTO AUGUSTO;2017;3;0
SANTO AUGUSTO;2017;4;0
SANTO AUGUSTO;2017;5;0
SANTO AUGUSTO;2017;6;0
SANTO AUGUSTO;2017;7;0
SANTO AUGUSTO;2017;8;0
SANTO AUGUSTO;2017;9;0
SANTO AUGUSTO;2017;10;0
SANTO AUGUSTO;2017;11;0
SANTO AUGUSTO;2017;12;0
SANTO AUGUSTO;2018;1;0
SANTO AUGUSTO;2018;2;0
SANTO AUGUSTO;2018;3;0
SANTO AUGUSTO;2018;4;0
SANTO AUGUSTO;2018;5;0
SANTO AUGUSTO;2018;6;0
SANTO AUGUSTO;2018;7;0
SANTO AUGUSTO;2018;8;0
SANTO AUGUSTO;2018;9;0
SANTO AUGUSTO;2018;10;0
SANTO AUGUSTO;2018;11;0
SANTO AUGUSTO;2018;12;0
SANTO AUGUSTO;2019;1;0
SANTO AUGUSTO;2019;2;0
SANTO AUGUSTO;2019;3;0
SANTO AUGUSTO;2019;4;0
SANTO AUGUSTO;2019;5;0
SANTO AUGUSTO;2019;6;0
SANTO AUGUSTO;2019;7;0
SANTO AUGUSTO;2019;8;0
SANTO AUGUSTO;2019;9;0
SANTO AUGUSTO;2019;10;0
SANTO AUGUSTO;2019;11;0
SANTO AUGUSTO;2019;12;0
SANTO AUGUSTO;2020;1;0
SANTO AUGUSTO;2020;2;0
SANTO AUGUSTO;2020;3;0
SANTO AUGUSTO;2020;4;0
SANTO AUGUSTO;2020;5;0
SANTO AUGUSTO;2020;6;0
SANTO AUGUSTO;2020;7;0
SANTO AUGUSTO;2020;8;0
SANTO AUGUSTO;2020;9;0
SANTO AUGUSTO;2020;10;0
SANTO AUGUSTO;2020;11;0
SANTO AUGUSTO;2020;12;0
SANTO AUGUSTO;2021;1;0
SANTO AUGUSTO;2021;2;0
SANTO AUGUSTO;2021;3;0
SANTO AUGUSTO;2021;4;0
SANTO AUGUSTO;2021;5;0
SANTO AUGUSTO;2021;6;0
SANTO AUGUSTO;2021;7;0
SANTO AUGUSTO;2021;8;0
SANTO AUGUSTO;2021;9;0
SANTO AUGUSTO;2021;10;0
SANTO AUGUSTO;2021;11;0
SANTO AUGUSTO;2021;12;0
SANTO AUGUSTO;2022;1;0
SANTO AUGUSTO;2022;2;0
SANTO AUGUSTO;2022;3;0
SANTO AUGUSTO;2022;4;0
SANTO AUGUSTO;2022;5;0
SANTO AUGUSTO;2022;6;0
SANTO AUGUSTO;2022;7;0
SANTO AUGUSTO;2022;8;0
SANTO AUGUSTO;2022;9;0
SANTO AUGUSTO;2022;10;0
SANTO AUGUSTO;2022;11;0
SANTO AUGUSTO;2022;12;0
SANTO AUGUSTO;2023;1;0
SANTO AUGUSTO;2023;2;0
SANTO AUGUSTO;2023;3;0
SANTO AUGUSTO;2023;4;0
SANTO AUGUSTO;2023;5;0
SANTO AUGUSTO;2023;6;0
SANTO AUGUSTO;2023;7;0
SANTO AUGUSTO;2023;8;0
SANTO AUGUSTO;2023;9;0
SANTO AUGUSTO;2023;10;0
SANTO AUGUSTO;2023;11;0
SANTO AUGUSTO;2023;12;0
SANTO AUGUSTO;2024;1;0
SANTO AUGUSTO;2024;2;0
SANTO AUGUSTO;2024;3;0
SANTO AUGUSTO;2024;4;0
SANTO AUGUSTO;2024;5;0
SANTO AUGUSTO;2024;6;0
SANTO AUGUSTO;2024;7;0
SANTO AUGUSTO;2024;8;0
SANTO AUGUSTO;2024;9;0
SANTO AUGUSTO;2024;10;0
SANTO AUGUSTO;2024;11;0
SANTO AUGUSTO;2024;12;0
SANTO AUGUSTO;2025;1;0
SANTO AUGUSTO;2025;2;0
SANTO AUGUSTO;2025;3;0
SANTO AUGUSTO;2025;4;0
SANTO AUGUSTO;2025;5;0
SANTO AUGUSTO;2025;6;0
SANTO AUGUSTO;2025;7;0
SANTO AUGUSTO;2025;8;0
SANTO AUGUSTO;2025;9;0
SANTO AUGUSTO;2025;10;0
SANTO AUGUSTO;2025;11;0
SANTO AUGUSTO;2025;12;0
SAO BORJA;2015;1;0
SAO BORJA;2015;2;0
SAO BORJA;2015;3;0
SAO BORJA;2015;4;0
SAO BORJA;2015;5;0
SAO BORJA;2015;6;0
SAO BORJA;2015;7;0
SAO BORJA;2015;8;0
SAO BORJA;2015;9;0
SAO BORJA;2015;10;0
SAO BORJA;2015;11;0
SAO BORJA;2015;12;0
SAO BORJA;2016;1;0
SAO BORJA;2016;2;0
SAO BORJA;2016;3;0
SAO BORJA;2016;4;0
SAO BORJA;2016;5;0
SAO BORJA;2016;6;0
SAO BORJA;2016;7;0
SAO BORJA;2016;8;0
SAO BORJA;2016;9;0
SAO BORJA;2016;10;0
SAO BORJA;2016;11;0
SAO BORJA;2016;12;0
SAO BORJA;2017;1;0
SAO BORJA;2017;2;0
SAO BORJA;2017;3;0
SAO BORJA;2017;4;0
SAO BORJA;2017;5;0
SAO BORJA;2017;6;0
SAO BORJA;2017;7;0
SAO BORJA;2017;8;0
SAO BORJA;2017;9;0
SAO BORJA;2017;10;0
SAO BORJA;2017;11;0
SAO BORJA;2017;12;0
SAO BORJA;2018;1;0
SAO BORJA;2018;2;0
SAO BORJA;2018;3;1
SAO BORJA;2018;4;0
SAO BORJA;2018;5;0
SAO BORJA;2018;6;0
SAO BORJA;2018;7;0
SAO BORJA;2018;8;0
SAO BORJA;2018;9;0
SAO BORJA;2018;10;0
SAO BORJA;2018;11;0
SAO BORJA;2018;12;0
SAO BORJA;2019;1;0
SAO BORJA;2019;2;1
SAO BORJA;2019;3;0
SAO BORJA;2019;4;0
SAO BORJA;2019;5;0
SAO BORJA;2019;6;0
SAO BORJA;2019;7;0
SAO BORJA;2019;8;0
SAO BORJA;2019;9;0
SAO BORJA;2019;10;0
SAO BORJA;2019;11;0
SAO BORJA;2019;12;0
SAO BORJA;2020;1;0
SAO BORJA;2020;2;0
SAO BORJA;2020;3;0
SAO BORJA;2020;4;0
SAO BORJA;2020;5;0
SAO BORJA;2020;6;0
SAO BORJA;2020;7;0
SAO BORJA;2020;8;0
SAO BORJA;2020;9;0
SAO BORJA;2020;10;0
SAO BORJA;2020;11;0
SAO BORJA;2020;12;0
SAO BORJA;2021;1;0
SAO BORJA;2021;2;0
SAO BORJA;2021;3;0
SAO BORJA;2021;4;0
SAO BORJA;2021;5;0
SAO BORJA;2021;6;0
SAO BORJA;2021;7;0
SAO BORJA;2021;8;0
SAO BORJA;2021;9;0
SAO BORJA;2021;10;0
SAO BORJA;2021;11;0
SAO BORJA;2021;12;0
SAO BORJA;2022;1;0
SAO BORJA;2022;2;0
SAO BORJA;2022;3;0
SAO BORJA;2022;4;0
SAO BORJA;2022;5;0
SAO BORJA;2022;6;0
SAO BORJA;2022;7;0
SAO BORJA;2022;8;0
SAO BORJA;2022;9;0
SAO BORJA;2022;10;0
SAO BORJA;2022;11;0
SAO BORJA;2022;12;0
SAO BORJA;2023;1;0
SAO BORJA;2023;2;0
SAO BORJA;2023;3;0
SAO BORJA;2023;4;0
SAO BORJA;2023;5;0
SAO BORJA;2023;6;0
SAO BORJA;2023;7;1
SAO BORJA;2023;8;0
SAO BORJA;2023;9;0
SAO BORJA;2023;10;0
SAO BORJA;2023;11;0
SAO BORJA;2023;12;2
SAO BORJA;2024;1;7
SAO BORJA;2024;2;1
SAO BORJA;2024;3;1
SAO BORJA;2024;4;0
SAO BORJA;2024;5;0
SAO BORJA;2024;6;1
SAO BORJA;2024;7;1
SAO BORJA;2024;8;0
SAO BORJA;2024;9;0
SAO BORJA;2024;10;0
SAO BORJA;2024;11;0
SAO BORJA;2024;12;0
SAO BORJA;2025;1;0
SAO BORJA;2025;2;0
SAO BORJA;2025;3;0
SAO BORJA;2025;4;0
SAO BORJA;2025;5;1
SAO BORJA;2025;6;1
SAO BORJA;2025;7;0
SAO BORJA;2025;8;0
SAO BORJA;2025;9;0
SAO BORJA;2025;10;0
SAO BORJA;2025;11;0
SAO BORJA;2025;12;0
SOLEDADE;2015;1;0
SOLEDADE;2015;2;0
SOLEDADE;2015;3;0
SOLEDADE;2015;4;0
SOLEDADE;2015;5;0
SOLEDADE;2015;6;0
SOLEDADE;2015;7;0
SOLEDADE;2015;8;0
SOLEDADE;2015;9;0
SOLEDADE;2015;10;0
SOLEDADE;2015;11;0
SOLEDADE;2015;12;0
SOLEDADE;2016;1;0
SOLEDADE;2016;2;0
SOLEDADE;2016;3;0
SOLEDADE;2016;4;0
SOLEDADE;2016;5;0
SOLEDADE;2016;6;0
SOLEDADE;2016;7;0
SOLEDADE;2016;8;0
SOLEDADE;2016;9;0
SOLEDADE;2016;10;0
SOLEDADE;2016;11;0
SOLEDADE;2016;12;0
SOLEDADE;2017;1;0
SOLEDADE;2017;2;0
SOLEDADE;2017;3;0
SOLEDADE;2017;4;0
SOLEDADE;2017;5;0
SOLEDADE;2017;6;0
SOLEDADE;2017;7;0
SOLEDADE;2017;8;0
SOLEDADE;2017;9;0
SOLEDADE;2017;10;0
SOLEDADE;2017;11;0
SOLEDADE;2017;12;0
SOLEDADE;2018;1;0
SOLEDADE;2018;2;0
SOLEDADE;2018;3;0
SOLEDADE;2018;4;0
SOLEDADE;2018;5;0
SOLEDADE;2018;6;0
SOLEDADE;2018;7;0
SOLEDADE;2018;8;0
SOLEDADE;2018;9;0
SOLEDADE;2018;10;0
SOLEDADE;2018;11;0
SOLEDADE;2018;12;0
SOLEDADE;2019;1;0
SOLEDADE;2019;2;0
SOLEDADE;2019;3;0
SOLEDADE;2019;4;0
SOLEDADE;2019;5;0
SOLEDADE;2019;6;0
SOLEDADE;2019;7;0
SOLEDADE;2019;8;0
SOLEDADE;2019;9;0
SOLEDADE;2019;10;0
SOLEDADE;2019;11;0
SOLEDADE;2019;12;0
SOLEDADE;2020;1;0
SOLEDADE;2020;2;0
SOLEDADE;2020;3;0
SOLEDADE;2020;4;0
SOLEDADE;2020;5;0
SOLEDADE;2020;6;0
SOLEDADE;2020;7;0
SOLEDADE;2020;8;0
SOLEDADE;2020;9;0
SOLEDADE;2020;10;0
SOLEDADE;2020;11;0
SOLEDADE;2020;12;0
SOLEDADE;2021;1;0
SOLEDADE;2021;2;0
SOLEDADE;2021;3;0
SOLEDADE;2021;4;0
SOLEDADE;2021;5;0
SOLEDADE;2021;6;0
SOLEDADE;2021;7;0
SOLEDADE;2021;8;0
SOLEDADE;2021;9;0
SOLEDADE;2021;10;0
SOLEDADE;2021;11;0
SOLEDADE;2021;12;0
SOLEDADE;2022;1;0
SOLEDADE;2022;2;0
SOLEDADE;2022;3;0
SOLEDADE;2022;4;0
SOLEDADE;2022;5;0
SOLEDADE;2022;6;0
SOLEDADE;2022;7;0
SOLEDADE;2022;8;0
SOLEDADE;2022;9;0
SOLEDADE;2022;10;0
SOLEDADE;2022;11;0
SOLEDADE;2022;12;0
SOLEDADE;2023;1;0
SOLEDADE;2023;2;0
SOLEDADE;2023;3;0
SOLEDADE;2023;4;0
SOLEDADE;2023;5;0
SOLEDADE;2023;6;0
SOLEDADE;2023;7;0
SOLEDADE;2023;8;0
SOLEDADE;2023;9;0
SOLEDADE;2023;10;0
SOLEDADE;2023;11;0
SOLEDADE;2023;12;0
SOLEDADE;2024;1;0
SOLEDADE;2024;2;0
SOLEDADE;2024;3;0
SOLEDADE;2024;4;0
SOLEDADE;2024;5;0
SOLEDADE;2024;6;0
SOLEDADE;2024;7;1
SOLEDADE;2024;8;0
SOLEDADE;2024;9;0
SOLEDADE;2024;10;0
SOLEDADE;2024;11;0
SOLEDADE;2024;12;0
SOLEDADE;2025;1;0
SOLEDADE;2025;2;0
SOLEDADE;2025;3;0
SOLEDADE;2025;4;0
SOLEDADE;2025;5;0
SOLEDADE;2025;6;0
SOLEDADE;2025;7;0
SOLEDADE;2025;8;0
SOLEDADE;2025;9;0
SOLEDADE;2025;10;0
SOLEDADE;2025;11;0
SOLEDADE;2025;12;0
TEUTONIA;2015;1;2
TEUTONIA;2015;2;5
TEUTONIA;2015;3;1
TEUTONIA;2015;4;0
TEUTONIA;2015;5;1
TEUTONIA;2015;6;0
TEUTONIA;2015;7;0
TEUTONIA;2015;8;6
TEUTONIA;2015;9;0
TEUTONIA;2015;10;2
TEUTONIA;2015;11;0
TEUTONIA;2015;12;2
TEUTONIA;2016;1;2
TEUTONIA;2016;2;0
TEUTONIA;2016;3;0
TEUTONIA;2016;4;1
TEUTONIA;2016;5;0
TEUTONIA;2016;6;1
TEUTONIA;2016;7;0
TEUTONIA;2016;8;1
TEUTONIA;2016;9;0
TEUTONIA;2016;10;1
TEUTONIA;2016;11;0
TEUTONIA;2016;12;0
TEUTONIA;2017;1;2
TEUTONIA;2017;2;1
TEUTONIA;2017;3;4
TEUTONIA;2017;4;0
TEUTONIA;2017;5;0
TEUTONIA;2017;6;2
TEUTONIA;2017;7;0
TEUTONIA;2017;8;0
TEUTONIA;2017;9;1
TEUTONIA;2017;10;0
TEUTONIA;2017;11;2
TEUTONIA;2017;12;0
TEUTONIA;2018;1;0
TEUTONIA;2018;2;0
TEUTONIA;2018;3;0
TEUTONIA;2018;4;0
TEUTONIA;2018;5;2
TEUTONIA;2018;6;0
TEUTONIA;2018;7;2
TEUTONIA;2018;8;1
TEUTONIA;2018;9;0
TEUTONIA;2018;10;0
TEUTONIA;2018;11;1
TEUTONIA;2018;12;0
TEUTONIA;2019;1;5
TEUTONIA;2019;2;2
TEUTONIA;2019;3;0
TEUTONIA;2019;4;2
TEUTONIA;2019;5;2
TEUTONIA;2019;6;1
TEUTONIA;2019;7;1
TEUTONIA;2019;8;0
TEUTONIA;2019;9;0
TEUTONIA;2019;10;1
TEUTONIA;2019;11;0
TEUTONIA;2019;12;1
TEUTONIA;2020;1;1
TEUTONIA;2020;2;1
TEUTONIA;2020;3;0
TEUTONIA;2020;4;0
TEUTONIA;2020;5;0
TEUTONIA;2020;6;0
TEUTONIA;2020;7;0
TEUTONIA;2020;8;0
TEUTONIA;2020;9;0
TEUTONIA;2020;10;0
TEUTONIA;2020;11;0
TEUTONIA;2020;12;0
TEUTONIA;2021;1;0
TEUTONIA;2021;2;0
TEUTONIA;2021;3;1
TEUTONIA;2021;4;2
TEUTONIA;2021;5;0
TEUTONIA;2021;6;0
TEUTONIA;2021;7;0
TEUTONIA;2021;8;0
TEUTONIA;2021;9;0
TEUTONIA;2021;10;0
TEUTONIA;2021;11;0
TEUTONIA;2021;12;1
TEUTONIA;2022;1;0
TEUTONIA;2022;2;0
TEUTONIA;2022;3;0
TEUTONIA;2022;4;0
TEUTONIA;2022;5;0
TEUTONIA;2022;6;0
TEUTONIA;2022;7;1
TEUTONIA;2022;8;0
TEUTONIA;2022;9;0
TEUTONIA;2022;10;0
TEUTONIA;2022;11;1
TEUTONIA;2022;12;0
TEUTONIA;2023;1;0
TEUTONIA;2023;2;0
TEUTONIA;2023;3;1
TEUTONIA;2023;4;0
TEUTONIA;2023;5;0
TEUTONIA;2023;6;0
TEUTONIA;2023;7;0
TEUTONIA;2023;8;0
TEUTONIA;2023;9;0
TEUTONIA;2023;10;0
TEUTONIA;2023;11;0
TEUTONIA;2023;12;0
TEUTONIA;2024;1;0
TEUTONIA;2024;2;2
TEUTONIA;2024;3;1
TEUTONIA;2024;4;0
TEUTONIA;2024;5;3
TEUTONIA;2024;6;1
TEUTONIA;2024;7;0
TEUTONIA;2024;8;0
TEUTONIA;2024;9;0
TEUTONIA;2024;10;0
TEUTONIA;2024;11;0
TEUTONIA;2024;12;0
TEUTONIA;2025;1;0
TEUTONIA;2025;2;1
TEUTONIA;2025;3;0
TEUTONIA;2025;4;0
TEUTONIA;2025;5;0
TEUTONIA;2025;6;0
TEUTONIA;2025;7;0
TEUTONIA;2025;8;1
TEUTONIA;2025;9;0
TEUTONIA;2025;10;1
TEUTONIA;2025;11;0
TEUTONIA;2025;12;0
TORRES;2015;1;0
TORRES;2015;2;1
TORRES;2015;3;0
TORRES;2015;4;0
TORRES;2015;5;0
TORRES;2015;6;0
TORRES;2015;7;0
TORRES;2015;8;1
TORRES;2015;9;1
TORRES;2015;10;1
TORRES;2015;11;0
TORRES;2015;12;0
TORRES;2016;1;0
TORRES;2016;2;0
TORRES;2016;3;0
TORRES;2016;4;0
TORRES;2016;5;0
TORRES;2016;6;0
TORRES;2016;7;0
TORRES;2016;8;0
TORRES;2016;9;0
TORRES;2016;10;0
TORRES;2016;11;0
TORRES;2016;12;0
TORRES;2017;1;0
TORRES;2017;2;0
TORRES;2017;3;1
TORRES;2017;4;1
TORRES;2017;5;0
TORRES;2017;6;0
TORRES;2017;7;0
TORRES;2017;8;0
TORRES;2017;9;0
TORRES;2017;10;0
TORRES;2017;11;0
TORRES;2017;12;0
TORRES;2018;1;0
TORRES;2018;2;0
TORRES;2018;3;0
TORRES;2018;4;0
TORRES;2018;5;0
TORRES;2018;6;1
TORRES;2018;7;0
TORRES;2018;8;0
TORRES;2018;9;0
TORRES;2018;10;0
TORRES;2018;11;0
TORRES;2018;12;0
TORRES;2019;1;0
TORRES;2019;2;1
TORRES;2019;3;0
TORRES;2019;4;0
TORRES;2019;5;0
TORRES;2019;6;2
TORRES;2019;7;0
TORRES;2019;8;0
TORRES;2019;9;0
TORRES;2019;10;0
TORRES;2019;11;1
TORRES;2019;12;0
TORRES;2020;1;0
TORRES;2020;2;0
TORRES;2020;3;0
TORRES;2020;4;0
TORRES;2020;5;0
TORRES;2020;6;0
TORRES;2020;7;0
TORRES;2020;8;0
TORRES;2020;9;0
TORRES;2020;10;0
TORRES;2020;11;0
TORRES;2020;12;0
TORRES;2021;1;0
TORRES;2021;2;1
TORRES;2021;3;0
TORRES;2021;4;0
TORRES;2021;5;0
TORRES;2021;6;0
TORRES;2021;7;1
TORRES;2021;8;0
TORRES;2021;9;0
TORRES;2021;10;0
TORRES;2021;11;0
TORRES;2021;12;0
TORRES;2022;1;1
TORRES;2022;2;0
TORRES;2022;3;1
TORRES;2022;4;0
TORRES;2022;5;0
TORRES;2022;6;0
TORRES;2022;7;0
TORRES;2022;8;0
TORRES;2022;9;0
TORRES;2022;10;0
TORRES;2022;11;0
TORRES;2022;12;0
TORRES;2023;1;0
TORRES;2023;2;0
TORRES;2023;3;0
TORRES;2023;4;1
TORRES;2023;5;0
TORRES;2023;6;0
TORRES;2023;7;0
TORRES;2023;8;0
TORRES;2023;9;1
TORRES;2023;10;0
TORRES;2023;11;0
TORRES;2023;12;0
TORRES;2024;1;0
TORRES;2024;2;0
TORRES;2024;3;0
TORRES;2024;4;0
TORRES;2024;5;0
TORRES;2024;6;1
TORRES;2024;7;0
TORRES;2024;8;1
TORRES;2024;9;0
TORRES;2024;10;0
TORRES;2024;11;0
TORRES;2024;12;1
TORRES;2025;1;0
TORRES;2025;2;0
TORRES;2025;3;2
TORRES;2025;4;1
TORRES;2025;5;0
TORRES;2025;6;0
TORRES;2025;7;0
TORRES;2025;8;0
TORRES;2025;9;0
TORRES;2025;10;0
TORRES;2025;11;0
TORRES;2025;12;0
TRAMANDAI;2015;1;0
TRAMANDAI;2015;2;0
TRAMANDAI;2015;3;0
TRAMANDAI;2015;4;0
TRAMANDAI;2015;5;0
TRAMANDAI;2015;6;0
TRAMANDAI;2015;7;0
TRAMANDAI;2015;8;0
TRAMANDAI;2015;9;0
TRAMANDAI;2015;10;0
TRAMANDAI;2015;11;0
TRAMANDAI;2015;12;0
TRAMANDAI;2016;1;0
TRAMANDAI;2016;2;0
TRAMANDAI;2016;3;0
TRAMANDAI;2016;4;0
TRAMANDAI;2016;5;1
TRAMANDAI;2016;6;0
TRAMANDAI;2016;7;0
TRAMANDAI;2016;8;0
TRAMANDAI;2016;9;0
TRAMANDAI;2016;10;0
TRAMANDAI;2016;11;0
TRAMANDAI;2016;12;0
TRAMANDAI;2017;1;0
TRAMANDAI;2017;2;0
TRAMANDAI;2017;3;0
TRAMANDAI;2017;4;0
TRAMANDAI;2017;5;0
TRAMANDAI;2017;6;0
TRAMANDAI;2017;7;0
TRAMANDAI;2017;8;0
TRAMANDAI;2017;9;0
TRAMANDAI;2017;10;0
TRAMANDAI;2017;11;1
TRAMANDAI;2017;12;0
TRAMANDAI;2018;1;0
TRAMANDAI;2018;2;0
TRAMANDAI;2018;3;0
TRAMANDAI;2018;4;0
TRAMANDAI;2018;5;0
TRAMANDAI;2018;6;0
TRAMANDAI;2018;7;0
TRAMANDAI;2018;8;0
TRAMANDAI;2018;9;0
TRAMANDAI;2018;10;0
TRAMANDAI;2018;11;0
TRAMANDAI;2018;12;0
TRAMANDAI;2019;1;0
TRAMANDAI;2019;2;1
TRAMANDAI;2019;3;0
TRAMANDAI;2019;4;0
TRAMANDAI;2019;5;0
TRAMANDAI;2019;6;0
TRAMANDAI;2019;7;0
TRAMANDAI;2019;8;0
TRAMANDAI;2019;9;0
TRAMANDAI;2019;10;0
TRAMANDAI;2019;11;0
TRAMANDAI;2019;12;0
TRAMANDAI;2020;1;0
TRAMANDAI;2020;2;0
TRAMANDAI;2020;3;0
TRAMANDAI;2020;4;1
TRAMANDAI;2020;5;0
TRAMANDAI;2020;6;0
TRAMANDAI;2020;7;0
TRAMANDAI;2020;8;0
TRAMANDAI;2020;9;0
TRAMANDAI;2020;10;0
TRAMANDAI;2020;11;0
TRAMANDAI;2020;12;0
TRAMANDAI;2021;1;0
TRAMANDAI;2021;2;0
TRAMANDAI;2021;3;0
TRAMANDAI;2021;4;0
TRAMANDAI;2021;5;0
TRAMANDAI;2021;6;0
TRAMANDAI;2021;7;1
TRAMANDAI;2021;8;0
TRAMANDAI;2021;9;0
TRAMANDAI;2021;10;0
TRAMANDAI;2021;11;0
TRAMANDAI;2021;12;0
TRAMANDAI;2022;1;0
TRAMANDAI;2022;2;0
TRAMANDAI;2022;3;0
TRAMANDAI;2022;4;0
TRAMANDAI;2022;5;0
TRAMANDAI;2022;6;0
TRAMANDAI;2022;7;0
TRAMANDAI;2022;8;0
TRAMANDAI;2022;9;0
TRAMANDAI;2022;10;0
TRAMANDAI;2022;11;0
TRAMANDAI;2022;12;0
TRAMANDAI;2023;1;0
TRAMANDAI;2023;2;0
TRAMANDAI;2023;3;0
TRAMANDAI;2023;4;0
TRAMANDAI;2023;5;0
TRAMANDAI;2023;6;0
TRAMANDAI;2023;7;0
TRAMANDAI;2023;8;0
TRAMANDAI;2023;9;0
TRAMANDAI;2023;10;0
TRAMANDAI;2023;11;0
TRAMANDAI;2023;12;0
TRAMANDAI;2024;1;0
TRAMANDAI;2024;2;0
TRAMANDAI;2024;3;0
TRAMANDAI;2024;4;0
TRAMANDAI;2024;5;2
TRAMANDAI;2024;6;0
TRAMANDAI;2024;7;0
TRAMANDAI;2024;8;0
TRAMANDAI;2024;9;0
TRAMANDAI;2024;10;0
TRAMANDAI;2024;11;0
TRAMANDAI;2024;12;1
TRAMANDAI;2025;1;1
TRAMANDAI;2025;2;0
TRAMANDAI;2025;3;0
TRAMANDAI;2025;4;0
TRAMANDAI;2025;5;0
TRAMANDAI;2025;6;0
TRAMANDAI;2025;7;0
TRAMANDAI;2025;8;0
TRAMANDAI;2025;9;0
TRAMANDAI;2025;10;0
TRAMANDAI;2025;11;0
TRAMANDAI;2025;12;0
URUGUAIANA;2015;1;1
URUGUAIANA;2015;2;0
URUGUAIANA;2015;3;1
URUGUAIANA;2015;4;0
URUGUAIANA;2015;5;0
URUGUAIANA;2015;6;0
URUGUAIANA;2015;7;0
URUGUAIANA;2015;8;0
URUGUAIANA;2015;9;0
URUGUAIANA;2015;10;1
URUGUAIANA;2015;11;0
URUGUAIANA;2015;12;0
URUGUAIANA;2016;1;0
URUGUAIANA;2016;2;0
URUGUAIANA;2016;3;0
URUGUAIANA;2016;4;0
URUGUAIANA;2016;5;0
URUGUAIANA;2016;6;0
URUGUAIANA;2016;7;0
URUGUAIANA;2016;8;0
URUGUAIANA;2016;9;0
URUGUAIANA;2016;10;0
URUGUAIANA;2016;11;0
URUGUAIANA;2016;12;0
URUGUAIANA;2017;1;0
URUGUAIANA;2017;2;0
URUGUAIANA;2017;3;0
URUGUAIANA;2017;4;0
URUGUAIANA;2017;5;0
URUGUAIANA;2017;6;0
URUGUAIANA;2017;7;0
URUGUAIANA;2017;8;0
URUGUAIANA;2017;9;0
URUGUAIANA;2017;10;0
URUGUAIANA;2017;11;0
URUGUAIANA;2017;12;1
URUGUAIANA;2018;1;0
URUGUAIANA;2018;2;0
URUGUAIANA;2018;3;0
URUGUAIANA;2018;4;0
URUGUAIANA;2018;5;0
URUGUAIANA;2018;6;0
URUGUAIANA;2018;7;0
URUGUAIANA;2018;8;0
URUGUAIANA;2018;9;0
URUGUAIANA;2018;10;0
URUGUAIANA;2018;11;0
URUGUAIANA;2018;12;0
URUGUAIANA;2019;1;0
URUGUAIANA;2019;2;0
URUGUAIANA;2019;3;0
URUGUAIANA;2019;4;0
URUGUAIANA;2019;5;0
URUGUAIANA;2019;6;0
URUGUAIANA;2019;7;0
URUGUAIANA;2019;8;0
URUGUAIANA;2019;9;0
URUGUAIANA;2019;10;0
URUGUAIANA;2019;11;0
URUGUAIANA;2019;12;0
URUGUAIANA;2020;1;0
URUGUAIANA;2020;2;0
URUGUAIANA;2020;3;0
URUGUAIANA;2020;4;0
URUGUAIANA;2020;5;0
URUGUAIANA;2020;6;0
URUGUAIANA;2020;7;0
URUGUAIANA;2020;8;0
URUGUAIANA;2020;9;0
URUGUAIANA;2020;10;0
URUGUAIANA;2020;11;0
URUGUAIANA;2020;12;0
URUGUAIANA;2021;1;0
URUGUAIANA;2021;2;0
URUGUAIANA;2021;3;0
URUGUAIANA;2021;4;0
URUGUAIANA;2021;5;0
URUGUAIANA;2021;6;0
URUGUAIANA;2021;7;0
URUGUAIANA;2021;8;0
URUGUAIANA;2021;9;0
URUGUAIANA;2021;10;0
URUGUAIANA;2021;11;0
URUGUAIANA;2021;12;0
URUGUAIANA;2022;1;0
URUGUAIANA;2022;2;0
URUGUAIANA;2022;3;1
URUGUAIANA;2022;4;1
URUGUAIANA;2022;5;0
URUGUAIANA;2022;6;0
URUGUAIANA;2022;7;0
URUGUAIANA;2022;8;0
URUGUAIANA;2022;9;0
URUGUAIANA;2022;10;0
URUGUAIANA;2022;11;0
URUGUAIANA;2022;12;0
URUGUAIANA;2023;1;0
URUGUAIANA;2023;2;0
URUGUAIANA;2023;3;0
URUGUAIANA;2023;4;0
URUGUAIANA;2023;5;0
URUGUAIANA;2023;6;0
URUGUAIANA;2023;7;0
URUGUAIANA;2023;8;0
URUGUAIANA;2023;9;0
URUGUAIANA;2023;10;0
URUGUAIANA;2023;11;0
URUGUAIANA;2023;12;0
URUGUAIANA;2024;1;0
URUGUAIANA;2024;2;1
URUGUAIANA;2024;3;0
URUGUAIANA;2024;4;0
URUGUAIANA;2024;5;0
URUGUAIANA;2024;6;0
URUGUAIANA;2024;7;0
URUGUAIANA;2024;8;0
URUGUAIANA;2024;9;0
URUGUAIANA;2024;10;0
URUGUAIANA;2024;11;0
URUGUAIANA;2024;12;0
URUGUAIANA;2025;1;0
URUGUAIANA;2025;2;0
URUGUAIANA;2025;3;1
URUGUAIANA;2025;4;0
URUGUAIANA;2025;5;0
URUGUAIANA;2025;6;0
URUGUAIANA;2025;7;0
URUGUAIANA;2025;8;0
URUGUAIANA;2025;9;0
URUGUAIANA;2025;10;0
URUGUAIANA;2025;11;0
URUGUAIANA;2025;12;0
VACARIA;2015;1;0
VACARIA;2015;2;0
VACARIA;2015;3;1
VACARIA;2015;4;0
VACARIA;2015;5;0
VACARIA;2015;6;0
VACARIA;2015;7;0
VACARIA;2015;8;0
VACARIA;2015;9;0
VACARIA;2015;10;0
VACARIA;2015;11;0
VACARIA;2015;12;0
VACARIA;2016;1;0
VACARIA;2016;2;1
VACARIA;2016;3;0
VACARIA;2016;4;0
VACARIA;2016;5;0
VACARIA;2016;6;0
VACARIA;2016;7;0
VACARIA;2016;8;0
VACARIA;2016;9;0
VACARIA;2016;10;0
VACARIA;2016;11;0
VACARIA;2016;12;0
VACARIA;2017;1;0
VACARIA;2017;2;0
VACARIA;2017;3;0
VACARIA;2017;4;0
VACARIA;2017;5;0
VACARIA;2017;6;0
VACARIA;2017;7;0
VACARIA;2017;8;0
VACARIA;2017;9;0
VACARIA;2017;10;0
VACARIA;2017;11;0
VACARIA;2017;12;0
VACARIA;2018;1;0
VACARIA;2018;2;0
VACARIA;2018;3;0
VACARIA;2018;4;0
VACARIA;2018;5;0
VACARIA;2018;6;0
VACARIA;2018;7;0
VACARIA;2018;8;0
VACARIA;2018;9;0
VACARIA;2018;10;0
VACARIA;2018;11;0
VACARIA;2018;12;0
VACARIA;2019;1;0
VACARIA;2019;2;0
VACARIA;2019;3;0
VACARIA;2019;4;0
VACARIA;2019;5;0
VACARIA;2019;6;0
VACARIA;2019;7;0
VACARIA;2019;8;0
VACARIA;2019;9;0
VACARIA;2019;10;1
VACARIA;2019;11;0
VACARIA;2019;12;0
VACARIA;2020;1;0
VACARIA;2020;2;0
VACARIA;2020;3;0
VACARIA;2020;4;0
VACARIA;2020;5;0
VACARIA;2020;6;0
VACARIA;2020;7;0
VACARIA;2020;8;0
VACARIA;2020;9;0
VACARIA;2020;10;0
VACARIA;2020;11;0
VACARIA;2020;12;0
VACARIA;2021;1;0
VACARIA;2021;2;0
VACARIA;2021;3;0
VACARIA;2021;4;0
VACARIA;2021;5;0
VACARIA;2021;6;0
VACARIA;2021;7;0
VACARIA;2021;8;0
VACARIA;2021;9;0
VACARIA;2021;10;0
VACARIA;2021;11;1
VACARIA;2021;12;0
VACARIA;2022;1;0
VACARIA;2022;2;0
VACARIA;2022;3;0
VACARIA;2022;4;0
VACARIA;2022;5;0
VACARIA;2022;6;0
VACARIA;2022;7;0
VACARIA;2022;8;0
VACARIA;2022;9;0
VACARIA;2022;10;0
VACARIA;2022;11;0
VACARIA;2022;12;0
VACARIA;2023;1;0
VACARIA;2023;2;0
VACARIA;2023;3;0
VACARIA;2023;4;0
VACARIA;2023;5;0
VACARIA;2023;6;0
VACARIA;2023;7;0
VACARIA;2023;8;0
VACARIA;2023;9;0
VACARIA;2023;10;1
VACARIA;2023;11;0
VACARIA;2023;12;1
VACARIA;2024;1;0
VACARIA;2024;2;0
VACARIA;2024;3;0
VACARIA;2024;4;1
VACARIA;2024;5;0
VACARIA;2024;6;0
VACARIA;2024;7;0
VACARIA;2024;8;0
VACARIA;2024;9;0
VACARIA;2024;10;1
VACARIA;2024;11;0
VACARIA;2024;12;0
VACARIA;2025;1;0
VACARIA;2025;2;1
VACARIA;2025;3;0
VACARIA;2025;4;0
VACARIA;2025;5;0
VACARIA;2025;6;0
VACARIA;2025;7;0
VACARIA;2025;8;0
VACARIA;2025;9;0
VACARIA;2025;10;0
VACARIA;2025;11;0
VACARIA;2025;12;0
